-- --------------------------------------------------------
-- Host:                         127.0.0.1
-- Server version:               5.5.8 - MySQL Community Server (GPL)
-- Server OS:                    Win32
-- HeidiSQL Version:             8.3.0.4694
-- --------------------------------------------------------

/*!40101 SET @OLD_CHARACTER_SET_CLIENT=@@CHARACTER_SET_CLIENT */;
/*!40101 SET NAMES utf8 */;
/*!40014 SET @OLD_FOREIGN_KEY_CHECKS=@@FOREIGN_KEY_CHECKS, FOREIGN_KEY_CHECKS=0 */;
/*!40101 SET @OLD_SQL_MODE=@@SQL_MODE, SQL_MODE='NO_AUTO_VALUE_ON_ZERO' */;

-- Dumping database structure for digidu
CREATE DATABASE IF NOT EXISTS `digidu` /*!40100 DEFAULT CHARACTER SET latin1 */;
USE `digidu`;


-- Dumping structure for table digidu.cibb_categories
CREATE TABLE IF NOT EXISTS `cibb_categories` (
  `id` int(11) NOT NULL AUTO_INCREMENT,
  `parent_id` int(11) NOT NULL,
  `name` varchar(100) NOT NULL,
  `slug` varchar(100) NOT NULL,
  `date_added` datetime NOT NULL,
  `date_edit` datetime NOT NULL,
  `publish` int(1) NOT NULL,
  PRIMARY KEY (`id`)
) ENGINE=InnoDB AUTO_INCREMENT=23 DEFAULT CHARSET=latin1;

-- Dumping data for table digidu.cibb_categories: ~9 rows (approximately)
/*!40000 ALTER TABLE `cibb_categories` DISABLE KEYS */;
INSERT INTO `cibb_categories` (`id`, `parent_id`, `name`, `slug`, `date_added`, `date_edit`, `publish`) VALUES
	(11, 0, 'Web Programming', 'web-programming', '0000-00-00 00:00:00', '0000-00-00 00:00:00', 0),
	(12, 11, 'PHP', 'php', '0000-00-00 00:00:00', '0000-00-00 00:00:00', 0),
	(14, 13, 'CSS', 'css', '0000-00-00 00:00:00', '0000-00-00 00:00:00', 0),
	(15, 12, 'Beginner & Installation', 'php-beginner-installation', '0000-00-00 00:00:00', '0000-00-00 00:00:00', 0),
	(18, 14, 'Responsive Layout', 'css-responsive-layout', '0000-00-00 00:00:00', '0000-00-00 00:00:00', 0),
	(19, 14, 'Beginner', 'css-beginner', '0000-00-00 00:00:00', '0000-00-00 00:00:00', 0),
	(20, 14, 'Effect, Animation, Gradient', 'css-effect-animation-gradient', '0000-00-00 00:00:00', '0000-00-00 00:00:00', 0),
	(21, 11, 'Javascript', 'javascript', '0000-00-00 00:00:00', '0000-00-00 00:00:00', 0),
	(22, 21, 'Jquery', 'jquery', '0000-00-00 00:00:00', '0000-00-00 00:00:00', 0);
/*!40000 ALTER TABLE `cibb_categories` ENABLE KEYS */;


-- Dumping structure for table digidu.cibb_posts
CREATE TABLE IF NOT EXISTS `cibb_posts` (
  `id` int(11) NOT NULL AUTO_INCREMENT,
  `thread_id` int(11) NOT NULL,
  `reply_to_id` int(11) NOT NULL,
  `author_id` int(11) NOT NULL,
  `post` text NOT NULL,
  `date_add` datetime NOT NULL,
  `date_edit` datetime NOT NULL,
  PRIMARY KEY (`id`)
) ENGINE=InnoDB AUTO_INCREMENT=100 DEFAULT CHARSET=latin1;

-- Dumping data for table digidu.cibb_posts: ~38 rows (approximately)
/*!40000 ALTER TABLE `cibb_posts` DISABLE KEYS */;
INSERT INTO `cibb_posts` (`id`, `thread_id`, `reply_to_id`, `author_id`, `post`, `date_add`, `date_edit`) VALUES
	(5, 4, 0, 5, 'Is there a simple way to convert one date format into another date format in PHP?', '2012-08-06 06:19:38', '0000-00-00 00:00:00'),
	(19, 4, 0, 5, 'jtyjtyjyt', '2012-08-06 13:30:00', '0000-00-00 00:00:00'),
	(20, 4, 0, 5, 'tyjtyj', '2012-08-06 13:30:02', '0000-00-00 00:00:00'),
	(40, 5, 0, 5, 'I am not good at regular expressio. How to do a php regular expression, make a judge if a string first word is (a-h), second word is @, third part are numbers(length range from 4-15)?', '2012-08-07 12:53:33', '0000-00-00 00:00:00'),
	(46, 6, 0, 5, 'I\'m basically trying to convert an image into a fluid HTML table. I\'ve dissected the image to one top piece and 5 bottom pieces and placed them in the appropriate cells to reconstruct the image.', '2012-08-07 13:11:09', '0000-00-00 00:00:00'),
	(52, 4, 0, 5, 'ghghhgj', '2012-08-13 03:23:51', '0000-00-00 00:00:00'),
	(53, 4, 0, 0, 'fdfdg', '2012-08-13 05:30:12', '0000-00-00 00:00:00'),
	(54, 4, 0, 0, 'dfgdfg', '2012-08-13 05:30:15', '0000-00-00 00:00:00'),
	(55, 4, 0, 0, 'dfg', '2012-08-13 05:30:17', '0000-00-00 00:00:00'),
	(59, 7, 0, 5, 'I would like all the resulting methods to be included in the RDoc documentation. Is there an RDoc directive which "manually" adds a method to the list of methods for the class? I can\'t find one.', '2012-08-13 06:33:48', '0000-00-00 00:00:00'),
	(61, 9, 0, 5, '\r\n0\r\nvotes\r\n0\r\nanswers\r\n37 views\r\ntransfer (add/remove) php array values between 2 divs\r\nI have a normal div, having an input textbox which can be edited manually. I want to add/remove php values from another div having a set of php array values (from a query). Each value have an [Add] or ...', '2012-08-13 06:38:03', '0000-00-00 00:00:00'),
	(62, 10, 0, 5, 'My first cry for help here. Not sure if my title is properly explicit but it\'s the only one I can come up with right now. I\'ve been at it for 2 days now and I have read so many different things that I ...', '2012-08-13 06:38:42', '0000-00-00 00:00:00'),
	(63, 11, 0, 5, 'How can I remove \'index.php\' from urls, if I have some controllers in the controllers folder and one in subfolder? For example my frontend url looks like this : domain.com/site/contact.html I would like my backend url look like this: domain.com/system/settings/profile.html, where system is not a controller, only a subfolder in the controllers folder. When I type domain.com/index.php/system/settings/profile.html, everything works fine, it just does not look right. Here\'s what\'s in my routes.php file:', '2012-08-13 07:16:03', '0000-00-00 00:00:00'),
	(64, 7, 0, 5, 'fghghgthrth', '2012-08-13 07:34:58', '0000-00-00 00:00:00'),
	(66, 7, 0, 5, 'ewfwef', '2012-08-13 08:18:47', '0000-00-00 00:00:00'),
	(71, 11, 63, 5, 'backend url look like this: domain.com/system/settings/profile.html, where system is not a controller, only a subfolder in the controllers folder. When I type domain.com/index.php/system/settings/profile.html, everything works fine, it just does not look right. Here\'s what\'s in my routes.php file:', '2012-08-13 11:15:20', '0000-00-00 00:00:00'),
	(72, 11, 63, 5, 'posted by admin "How can I remove \'index.php\' from urls, if I have some controllers in the controllers folder and one in subfolder? For example my frontend url looks like this : domain.com/site/contact.html I would like my backend url look like this: domain.com/system/settings/profile.html, where system is not a controller, only a subfolder in the controllers folder. When I type domain.com/index.php/system/settings/profile.html, everything works fine, it just does not look right. Here\'s what\'s in my routes.php file:"\r\n                        ', '2012-08-13 13:20:35', '0000-00-00 00:00:00'),
	(76, 11, 71, 5, 'posted by <b>@admin</b><p><i>backend url look like this: domain.com/system/settings/profile.html, where system is not a controller, only a subfolder in the controllers folder. When I type domain.com/index.php/system/settings/profile.html, everything works fine, it just does not look right. Here\'s what\'s in my routes.php file:</i></p><p>eefwfwefwefwef<i><br></i></p>', '2012-08-14 05:58:30', '0000-00-00 00:00:00'),
	(77, 11, 71, 5, '<div style="font-size:11px; padding:5px;">posted by <b>@admin</b><p><i>backend url look like this: domain.com/system/settings/profile.html, where system is not a controller, only a subfolder in the controllers folder. When I type domain.com/index.php/system/settings/profile.html, everything works fine, it just does not look right. Here\'s what\'s in my routes.php file:</i></p>rtyretyery<br></div>', '2012-08-14 05:59:46', '0000-00-00 00:00:00'),
	(78, 11, 76, 5, '<div style="font-size:11px; background: #e3e3e3;padding:5px;">posted by <b>@admin</b><p><i>posted by <b>@admin</b></i></p><p><i><i>backend url look like this: domain.com/system/settings/profile.html, where system is not a controller, only a subfolder in the controllers folder. When I type domain.com/index.php/system/settings/profile.html, everything works fine, it just does not look right. Here\'s what\'s in my routes.php file:</i></i></p><p><i>eefwfwefwefwefrety</i></p><p><i><i>rtyretyrty<br></i></i></p><p></p></div>', '2012-08-14 06:01:35', '0000-00-00 00:00:00'),
	(79, 11, 63, 5, '<div style="font-size:11px; background: #e3e3e3;padding:5px;">posted by <b>@admin</b><p><i>How can I remove \'index.php\' from urls, if I have some controllers in the controllers folder and one in subfolder? For example my frontend url looks like this : domain.com/site/contact.html I would like my backend url look like this: domain.com/system/settings/profile.html, where system is not a controller, only a subfolder in the controllers folder. When I type domain.com/index.php/system/settings/profile.html, everything works fine, it just does not look right. Here\'s what\'s in my routes.php file:</i></p></div>rtyrtyreyryreyertyrey', '2012-08-14 06:02:20', '0000-00-00 00:00:00'),
	(80, 11, 76, 5, '<div style="font-size:11px; background: #e3e3e3;padding:5px;">posted by <b>@admin</b><p><i>posted by <b>@admin</b></i></p><p><i><i>backend url look like this: domain.com/system/settings/profile.html, where system is not a controller, only a subfolder in the controllers folder. When I type domain.com/index.php/system/settings/profile.html, everything works fine, it just does not look right. Here\'s what\'s in my routes.php file:</i></i></p><p><i>eefwfwefwefwef<i><br></i></i></p><p></p></div><br>retyretyeryertyre ret yretyer ty', '2012-08-14 06:02:46', '0000-00-00 00:00:00'),
	(81, 11, 80, 5, '<div style="font-size:11px; background: #e3e3e3;padding:5px;">posted by <b>@admin</b><p><i>&lt;div style="font-size:11px; background: #e3e3e3;padding:5px;"&gt;posted by &lt;b&gt;@admin&lt;/b&gt;&lt;p&gt;&lt;i&gt;posted by &lt;b&gt;@admin&lt;/b&gt;&lt;/i&gt;&lt;/p&gt;&lt;p&gt;&lt;i&gt;&lt;i&gt;backend url look like this: domain.com/system/settings/profile.html, where system is not a controller, only a subfolder in the controllers folder. When I type domain.com/index.php/system/settings/profile.html, everything works fine, it just does not look right. Here\'s what\'s in my routes.php file:&lt;/i&gt;&lt;/i&gt;&lt;/p&gt;&lt;p&gt;&lt;i&gt;eefwfwefwefwef&lt;i&gt;&lt;br&gt;&lt;/i&gt;&lt;/i&gt;&lt;/p&gt;&lt;p&gt;&lt;/p&gt;&lt;/div&gt;&lt;br&gt;retyretyeryertyre ret yretyer ty</i></p></div>', '2012-08-14 06:03:48', '0000-00-00 00:00:00'),
	(82, 11, 63, 5, '<div style="font-size:11px; background: #e3e3e3;padding:5px;">posted by <b>@admin</b><p><i>How can I remove \'index.php\' from urls, if I have some controllers in the controllers folder and one in subfolder? For example my frontend url looks like this : domain.com/site/contact.html I would like my backend url look like this: domain.com/system/settings/profile.html, where system is not a controller, only a subfolder in the controllers folder. When I type domain.com/index.php/system/settings/profile.html, everything works fine, it just does not look right. Here\'s what\'s in my routes.php file:</i></p></div>rtyrety', '2012-08-14 06:06:20', '0000-00-00 00:00:00'),
	(85, 12, 0, 5, '<p><b itemscope="" itemtype="http://data-vocabulary.org/Breadcrumb"><a href="https://github.com/akzhan/jwysiwyg" class="js-rewrite-sha" itemprop="url"><span itemprop="title">jwysiwyg</span></a></b> / <span itemscope="" itemtype="http://data-vocabulary.org/Breadcrumb"><a href="https://github.com/akzhan/jwysiwyg/tree/master/help" class="js-rewrite-sha" itemscope="url"><span itemprop="title">help</span></a></span> / <span itemscope="" itemtype="http://data-vocabulary.org/Breadcrumb"><a href="https://github.com/akzhan/jwysiwyg/tree/master/help/examples" class="js-rewrite-sha" itemscope="url"><span itemprop="title">examples</span></a></span> / <strong class="final-path">10-custom-controls.html</strong></p>', '2012-08-14 06:15:57', '0000-00-00 00:00:00'),
	(86, 12, 85, 5, '<div style="font-size:11px; background: #e3e3e3;padding:5px;">posted by <b>@admin</b><p><i>jwysiwyg / help / examples / 10-custom-controls.html</i></p></div><br>how', '2012-08-14 06:15:58', '0000-00-00 00:00:00'),
	(87, 13, 0, 5, '<p style="margin: 0px 0px 1em; padding: 0px; border: 0px; font-size: 14px; vertical-align: baseline; background-color: rgb(255, 255, 255); clear: both; word-wrap: break-word; color: rgb(0, 0, 0); font-family: Arial, \'Liberation Sans\', \'DejaVu Sans\', sans-serif; font-style: normal; font-variant: normal; font-weight: normal; letter-spacing: normal; line-height: 18px; orphans: 2; text-align: left; text-indent: 0px; text-transform: none; white-space: normal; widows: 2; word-spacing: 0px; -webkit-text-size-adjust: auto; -webkit-text-stroke-width: 0px; background-position: initial initial; background-repeat: initial initial; ">I am trying to create a schedule for a Tae Kwon Do school, and I would like the admins to be able to CRUD their table .</p><p style="margin: 0px 0px 1em; padding: 0px; border: 0px; font-size: 14px; vertical-align: baseline; background-color: rgb(255, 255, 255); clear: both; word-wrap: break-word; color: rgb(0, 0, 0); font-family: Arial, \'Liberation Sans\', \'DejaVu Sans\', sans-serif; font-style: normal; font-variant: normal; font-weight: normal; letter-spacing: normal; line-height: 18px; orphans: 2; text-align: left; text-indent: 0px; text-transform: none; white-space: normal; widows: 2; word-spacing: 0px; -webkit-text-size-adjust: auto; -webkit-text-stroke-width: 0px; background-position: initial initial; background-repeat: initial initial; ">This is how I would like for it to look:</p>', '2012-08-14 06:43:59', '0000-00-00 00:00:00'),
	(88, 13, 87, 5, '<div style="font-size:11px; background: #e3e3e3;padding:5px;">posted by <b>@admin</b><p><i>I am trying to create a schedule for a Tae Kwon Do school, and I would like the admins to be able to CRUD their table .This is how I would like for it to look:</i></p></div><br>fyuytuityutyutyu', '2012-08-14 13:22:47', '0000-00-00 00:00:00'),
	(90, 9, 61, 5, 'which can be edited manually. I want to add/remove php values from \r\nanother div having a set of php array values (from a query). Each value \r\nhave an [Add', '2012-08-15 07:30:44', '0000-00-00 00:00:00'),
	(91, 13, 0, 5, 'yytyu', '2012-12-02 03:23:57', '0000-00-00 00:00:00'),
	(92, 13, 87, 5, '<div style="font-size:11px; background: #e3e3e3;padding:5px;">posted by <b>@admin</b><p><i>I am trying to create a schedule for a Tae Kwon Do school, and I would like the admins to be able to CRUD their table .This is how I would like for it to look:</i></p></div><br>iuiyio', '2012-12-02 03:24:08', '0000-00-00 00:00:00'),
	(93, 13, 0, 5, 'hai', '2014-08-12 06:42:12', '0000-00-00 00:00:00'),
	(94, 13, 93, 5, 'masak sih ?', '2014-08-12 09:27:06', '0000-00-00 00:00:00'),
	(95, 13, 0, 5, 'apakah yang bisa ?', '2014-08-12 09:27:18', '0000-00-00 00:00:00'),
	(96, 13, 0, 5, '&nbsp;coba post', '2014-08-12 15:08:04', '0000-00-00 00:00:00'),
	(97, 11, 82, 1, 'coba bisa gak ?                                ', '2014-08-13 06:05:14', '0000-00-00 00:00:00'),
	(98, 13, 92, 1, '								<div style="font-size:11px; background: #e3e3e3;padding:5px;">posted by <b>@user</b><p><i>posted by @adminI am trying to create a schedule for a Tae Kwon Do school, and I would like the admins to be able to CRUD their table .This is how I would like for it to look:iuiyio</i></p></div><br>cobak ah<br>\r\n                                ', '2014-08-13 06:59:07', '0000-00-00 00:00:00'),
	(99, 13, 93, 1, '								<div style="font-size:11px; background: #e3e3e3;padding:5px;">posted by <b>@user</b><p><i>hai</i></p></div>apak ?<br><br><br>\r\n                                ', '2014-08-13 22:36:37', '0000-00-00 00:00:00');
/*!40000 ALTER TABLE `cibb_posts` ENABLE KEYS */;


-- Dumping structure for table digidu.cibb_roles
CREATE TABLE IF NOT EXISTS `cibb_roles` (
  `id` int(11) NOT NULL AUTO_INCREMENT,
  `role` varchar(50) NOT NULL,
  `admin_area` int(1) NOT NULL DEFAULT '0',
  `thread_create` int(1) NOT NULL DEFAULT '0',
  `thread_edit` int(1) NOT NULL DEFAULT '0',
  `thread_delete` int(1) NOT NULL DEFAULT '0',
  `post_create` int(1) NOT NULL DEFAULT '0',
  `post_edit` int(1) NOT NULL DEFAULT '0',
  `post_delete` int(1) NOT NULL DEFAULT '0',
  `role_create` int(1) NOT NULL DEFAULT '0',
  `role_edit` int(1) NOT NULL DEFAULT '0',
  `role_delete` int(1) NOT NULL DEFAULT '0',
  PRIMARY KEY (`id`)
) ENGINE=InnoDB AUTO_INCREMENT=4 DEFAULT CHARSET=latin1;

-- Dumping data for table digidu.cibb_roles: ~3 rows (approximately)
/*!40000 ALTER TABLE `cibb_roles` DISABLE KEYS */;
INSERT INTO `cibb_roles` (`id`, `role`, `admin_area`, `thread_create`, `thread_edit`, `thread_delete`, `post_create`, `post_edit`, `post_delete`, `role_create`, `role_edit`, `role_delete`) VALUES
	(1, 'administrator', 1, 1, 1, 1, 1, 1, 1, 1, 1, 1),
	(2, 'member', 0, 1, 0, 0, 1, 0, 0, 0, 0, 0),
	(3, 'editor', 0, 0, 1, 1, 0, 1, 1, 0, 0, 0);
/*!40000 ALTER TABLE `cibb_roles` ENABLE KEYS */;


-- Dumping structure for table digidu.cibb_threads
CREATE TABLE IF NOT EXISTS `cibb_threads` (
  `id` int(11) NOT NULL AUTO_INCREMENT,
  `category_id` int(11) NOT NULL,
  `title` varchar(255) NOT NULL,
  `slug` varchar(255) NOT NULL,
  `date_add` datetime NOT NULL,
  `date_edit` datetime NOT NULL,
  `date_last_post` datetime NOT NULL,
  PRIMARY KEY (`id`)
) ENGINE=InnoDB AUTO_INCREMENT=14 DEFAULT CHARSET=latin1;

-- Dumping data for table digidu.cibb_threads: ~8 rows (approximately)
/*!40000 ALTER TABLE `cibb_threads` DISABLE KEYS */;
INSERT INTO `cibb_threads` (`id`, `category_id`, `title`, `slug`, `date_add`, `date_edit`, `date_last_post`) VALUES
	(4, 12, 'Convert one date format into another in PHP', 'convert-one-date-format-into-another-in-php', '2012-08-06 06:19:38', '0000-00-00 00:00:00', '2012-08-06 06:19:38'),
	(6, 18, 'Fluid images in table - Width: CSS vs HTML', 'fluid-images-in-table---width:-css-vs-html', '2012-08-07 13:11:09', '0000-00-00 00:00:00', '2012-08-07 13:11:09'),
	(7, 12, 'How to add RDoc documentation for a method defined using class_eval?', 'how-to-add-rdoc-documentation-for-a-method-defined-using-classeval', '2012-08-13 06:33:48', '0000-00-00 00:00:00', '2012-08-13 06:33:48'),
	(9, 11, 'transfer (add/remove) php array values between 2 divs', 'transfer-addremove-php-array-values-between-2-divs', '2012-08-13 06:38:03', '0000-00-00 00:00:00', '2012-08-13 06:38:03'),
	(10, 11, 'Creating an associative array from PHP through AJAX in JQUERY', 'creating-an-associative-array-from-php-through-ajax-in-jquery', '2012-08-13 06:38:42', '0000-00-00 00:00:00', '2012-08-13 06:38:42'),
	(11, 12, 'Codeigniter - controllers in subfolder, remove index.php from url', 'codeigniter--controllers-in-subfolder-remove-indexphp-from-url', '2012-08-13 07:16:03', '0000-00-00 00:00:00', '2012-08-13 07:16:03'),
	(12, 13, '10-custom-controls.html', '10customcontrolshtml', '2012-08-14 06:15:57', '0000-00-00 00:00:00', '2012-08-14 06:15:57'),
	(13, 13, 'Multiple forms in tables, multiple submit buttons. Can I do it with just PHP and HTML?', 'multiple-forms-in-tables-multiple-submit-buttons-can-i-do-it-with-just-php-and-html', '2012-08-14 06:43:59', '0000-00-00 00:00:00', '2012-08-14 06:43:59');
/*!40000 ALTER TABLE `cibb_threads` ENABLE KEYS */;


-- Dumping structure for table digidu.ci_sessions
CREATE TABLE IF NOT EXISTS `ci_sessions` (
  `session_id` varchar(40) NOT NULL DEFAULT '0',
  `ip_address` varchar(45) NOT NULL DEFAULT '0',
  `user_agent` varchar(120) NOT NULL,
  `last_activity` int(10) unsigned NOT NULL DEFAULT '0',
  `user_data` text NOT NULL,
  PRIMARY KEY (`session_id`),
  KEY `last_activity_idx` (`last_activity`)
) ENGINE=InnoDB DEFAULT CHARSET=latin1;

-- Dumping data for table digidu.ci_sessions: ~10 rows (approximately)
/*!40000 ALTER TABLE `ci_sessions` DISABLE KEYS */;
INSERT INTO `ci_sessions` (`session_id`, `ip_address`, `user_agent`, `last_activity`, `user_data`) VALUES
	('1a3d817f91798c69c754bc623a5c053b', '127.0.0.1', 'Mozilla/5.0 (Windows NT 6.1; rv:31.0) Gecko/20100101 Firefox/31.0', 1406538937, ''),
	('2462800c9c99f96ac3b51de2fec0d6c1', '127.0.0.1', 'Mozilla/5.0 (Windows NT 6.1; rv:30.0) Gecko/20100101 Firefox/30.0', 1407137332, ''),
	('252f5d4a2143feb7163b564b0e7c6357', '127.0.0.1', 'Mozilla/5.0 (Windows NT 6.1; rv:30.0) Gecko/20100101 Firefox/30.0', 1407128691, ''),
	('29c1b47044f69e6c9d49fa7625aa789a', '127.0.0.1', 'Mozilla/5.0 (Windows NT 6.1; rv:30.0) Gecko/20100101 Firefox/30.0', 1407138008, ''),
	('41326b8adffe13603374acb30230f699', '127.0.0.1', 'Mozilla/5.0 (Windows NT 6.1; rv:31.0) Gecko/20100101 Firefox/31.0', 1407142473, ''),
	('5c21fd02d28363ac9ea8237d6576f905', '127.0.0.1', 'Mozilla/5.0 (Windows NT 6.1; rv:30.0) Gecko/20100101 Firefox/30.0', 1407128764, 'a:7:{s:9:"user_data";s:0:"";s:7:"id_user";s:1:"4";s:4:"nama";s:4:"user";s:5:"level";s:1:"1";s:8:"username";s:4:"user";s:8:"password";s:32:"ee11cbb19052e40b07aac0ca060c23ee";s:5:"email";N;}'),
	('64a74774b745b5564609d4500c658658', '127.0.0.1', 'Mozilla/5.0 (Windows NT 6.1; rv:30.0) Gecko/20100101 Firefox/30.0', 1407137047, ''),
	('8267ea36f100266f8a74a302a796cde7', '127.0.0.1', 'Mozilla/5.0 (Windows NT 6.1; rv:29.0) Gecko/20100101 Firefox/29.0', 1402713183, ''),
	('900ab201622e4fc88b2f161af08f9106', '127.0.0.1', 'Mozilla/5.0 (Windows NT 6.1; rv:31.0) Gecko/20100101 Firefox/31.0', 1406538103, 'a:7:{s:9:"user_data";s:0:"";s:7:"id_user";s:1:"1";s:4:"nama";s:4:"Bank";s:5:"level";s:1:"1";s:8:"username";s:4:"bank";s:8:"password";s:32:"ee11cbb19052e40b07aac0ca060c23ee";s:5:"email";s:17:"admin@prajasa.com";}'),
	('9cc892ebd44ec43bb01d71eee935e29e', '127.0.0.1', 'Mozilla/5.0 (Windows NT 6.1; rv:29.0) Gecko/20100101 Firefox/29.0', 1402713121, 'a:7:{s:9:"user_data";s:0:"";s:7:"id_user";s:1:"1";s:4:"nama";s:4:"Bank";s:5:"level";s:1:"1";s:8:"username";s:4:"bank";s:8:"password";s:32:"ee11cbb19052e40b07aac0ca060c23ee";s:5:"email";s:17:"admin@prajasa.com";}');
/*!40000 ALTER TABLE `ci_sessions` ENABLE KEYS */;


-- Dumping structure for table digidu.level
CREATE TABLE IF NOT EXISTS `level` (
  `level_id` int(11) NOT NULL,
  `level_nama` varchar(50) NOT NULL
) ENGINE=InnoDB DEFAULT CHARSET=latin1;

-- Dumping data for table digidu.level: ~3 rows (approximately)
/*!40000 ALTER TABLE `level` DISABLE KEYS */;
INSERT INTO `level` (`level_id`, `level_nama`) VALUES
	(1, 'Administrator'),
	(2, 'User'),
	(5, 'Petugas');
/*!40000 ALTER TABLE `level` ENABLE KEYS */;


-- Dumping structure for table digidu.menu
CREATE TABLE IF NOT EXISTS `menu` (
  `menu_id` int(11) NOT NULL,
  `menu_nama` varchar(100) NOT NULL,
  `menu_uri` varchar(100) NOT NULL,
  `menu_allowed` varchar(10) NOT NULL
) ENGINE=InnoDB DEFAULT CHARSET=latin1;

-- Dumping data for table digidu.menu: ~2 rows (approximately)
/*!40000 ALTER TABLE `menu` DISABLE KEYS */;
INSERT INTO `menu` (`menu_id`, `menu_nama`, `menu_uri`, `menu_allowed`) VALUES
	(1, 'Daftar Blog', 'blog/blog/index', '+1+'),
	(2, 'Kategori', 'blog/blog/kategori', '+1+');
/*!40000 ALTER TABLE `menu` ENABLE KEYS */;


-- Dumping structure for table digidu.statis_page
CREATE TABLE IF NOT EXISTS `statis_page` (
  `id_page` int(11) NOT NULL AUTO_INCREMENT,
  `menu_title` varchar(50) NOT NULL DEFAULT '0',
  `judul` varchar(150) DEFAULT NULL,
  `slug` text,
  `isi` text,
  `status` enum('published','unpublished') NOT NULL,
  PRIMARY KEY (`id_page`)
) ENGINE=InnoDB AUTO_INCREMENT=2 DEFAULT CHARSET=latin1;

-- Dumping data for table digidu.statis_page: ~1 rows (approximately)
/*!40000 ALTER TABLE `statis_page` DISABLE KEYS */;
INSERT INTO `statis_page` (`id_page`, `menu_title`, `judul`, `slug`, `isi`, `status`) VALUES
	(1, 'Kami', 'Kami adalah giant', 'kami', '<p>ini adalah isi nya yah yah yah<br></p><p><br></p>', 'published');
/*!40000 ALTER TABLE `statis_page` ENABLE KEYS */;


-- Dumping structure for table digidu.tbl_blog
CREATE TABLE IF NOT EXISTS `tbl_blog` (
  `id_post` int(3) NOT NULL AUTO_INCREMENT,
  `id_kategori` int(3) NOT NULL,
  `judul` varchar(100) NOT NULL,
  `isi` text NOT NULL,
  `tanggal` timestamp NOT NULL DEFAULT CURRENT_TIMESTAMP,
  `status` enum('published','unpublished') NOT NULL,
  `uri` varchar(200) NOT NULL,
  PRIMARY KEY (`id_post`)
) ENGINE=MyISAM AUTO_INCREMENT=132 DEFAULT CHARSET=latin1;

-- Dumping data for table digidu.tbl_blog: 2 rows
/*!40000 ALTER TABLE `tbl_blog` DISABLE KEYS */;
INSERT INTO `tbl_blog` (`id_post`, `id_kategori`, `judul`, `isi`, `tanggal`, `status`, `uri`) VALUES
	(107, 1, '5 insiden penembakan pesawat yang sangat mematikan', '<div style="text-align: center;"><br></div><p><span class="userContent"><img data-filename="10543616_1510479545837432_5440037256811285021_n.jpg" src="data:image/jpeg;base64,/9j/4AAQSkZJRgABAgAAAQABAAD/7QA2UGhvdG9zaG9wIDMuMAA4QklNBAQAAAAAABkcAmcAFDI3RzhCc1lWQVdvRXluamdLVmRhAP/iAhxJQ0NfUFJPRklMRQABAQAAAgxsY21zAhAAAG1udHJSR0IgWFlaIAfcAAEAGQADACkAOWFjc3BBUFBMAAAAAAAAAAAAAAAAAAAAAAAAAAAAAAAAAAD21gABAAAAANMtbGNtcwAAAAAAAAAAAAAAAAAAAAAAAAAAAAAAAAAAAAAAAAAAAAAAAAAAAAAAAAAAAAAACmRlc2MAAAD8AAAAXmNwcnQAAAFcAAAAC3d0cHQAAAFoAAAAFGJrcHQAAAF8AAAAFHJYWVoAAAGQAAAAFGdYWVoAAAGkAAAAFGJYWVoAAAG4AAAAFHJUUkMAAAHMAAAAQGdUUkMAAAHMAAAAQGJUUkMAAAHMAAAAQGRlc2MAAAAAAAAAA2MyAAAAAAAAAAAAAAAAAAAAAAAAAAAAAAAAAAAAAAAAAAAAAAAAAAAAAAAAAAAAAAAAAAAAAAAAAAAAAAAAAAAAAAAAAAAAAAAAAAAAAAAAAAAAAHRleHQAAAAARkIAAFhZWiAAAAAAAAD21gABAAAAANMtWFlaIAAAAAAAAAMWAAADMwAAAqRYWVogAAAAAAAAb6IAADj1AAADkFhZWiAAAAAAAABimQAAt4UAABjaWFlaIAAAAAAAACSgAAAPhAAAts9jdXJ2AAAAAAAAABoAAADLAckDYwWSCGsL9hA/FVEbNCHxKZAyGDuSRgVRd13ta3B6BYmxmnysab9908PpMP///9sAQwAGBAUGBQQGBgUGBwcGCAoQCgoJCQoUDg8MEBcUGBgXFBYWGh0lHxobIxwWFiAsICMmJykqKRkfLTAtKDAlKCko/9sAQwEHBwcKCAoTCgoTKBoWGigoKCgoKCgoKCgoKCgoKCgoKCgoKCgoKCgoKCgoKCgoKCgoKCgoKCgoKCgoKCgoKCgo/8IAEQgBXgINAwAiAAERAQIRAf/EABsAAAMAAwEBAAAAAAAAAAAAAAABAgMEBQYH/8QAGQEBAQEBAQEAAAAAAAAAAAAAAAECAwQF/8QAGQEBAQEBAQEAAAAAAAAAAAAAAAECAwQF/9oADAMAAAERAhEAAAHcae8AANAwAAATBpg0waBtBRLKEwAGJjEDEDEwBDAGIGJjEihA3INyFCRRIMRDEUxIoljEDcs0wAaBgA0DQQADAGAMAABidNyxtAADEDEDEDEDchTkGIGIGIKEDEDEDEDEDEDQhiCiWNoNUTAAABiIYANMABgDAAYAygCGBQMBUhDkAAAATBoGIGCGAMQMAYgYgBAxAxAADAG0zTaYxMAAAAGAENoG0wGxN2QZYJGyW2J0yXla4Iz40xrIEKipbQJghghgAAACYAAAhgAAJgAAwYMDTaY0AwABwAADAGDGUyycjtcc5kYnkoh1UTlrIsY8mIxzllIbdYZypMayyQrRJRSVoksILDGWiRoAYhghskoJbAboh2znjAGCGADgGAOql0yaZBc5CnWSXFWRrjd0Y6qonIgjHkkicxWus0GNu0xrMzXWzJhedmCc8GMyusZmI11nitdZEkOnUPI4xGZViMhGN5GRdUslI5pRZLoiSmQ7RJTFTajpkGSjFd0GecubJYIYAAACbCSwwrIjHVUQ6CZtUKkROQJYyRglQYozyYXkLMbyEsLIjGZAlthNBBYc4ouU3a46tkLKGEyMiqom3kll5GY6twqTAAAAaBgA0DcsabWRpBNCVFSMJKRIwSYIaAASoENIgAABDEwVME0HRSoY6nLLF9DeOdm2d2ONj9OHkj1GscJ9qDkHQxGoZIEADAAAAGMEADQMQAFAAgATQAyVSEAIaBMJM2waJm5Ub54kX2utzN63rYAZGmaysqM+Hjr7ToeOxzXu68A194/Cs94eH2JfXnn88nTwS0z7GOmcE7RXPjfDj63WzpwTuaxzHs4FkpJI0NMEwAAAVCYJNiGyDl1HRyeZ56+8wfNMZ9B53nfQRoc76F2z5t1/b8w85v0akFAhsRkZgKCeH3iPB7/b8nL39jxmxHsc3lNs9FHIzG/gxGrjxbDdMe1jo6W75+U9hu+AD1U+Y2LnpmHbrZ2Odcm3OGGXHdcvAfV0jXObvF1oaJ6LN4bnR9L5vzvdOP8AVviHvT12Lzby6HjOtw6NnX2Tu+p8Z7/TL5jmvh973G3yN7r8ff4vU5N44seaNSCgmnkFScuuAgNgmHE8770j5bj9/wCRXVzb/PM184jqVymdbJxqO5sed3z1Wz5il9nl8bKez5HlNXT6Nm+d6i/Tvk/X89H1+fGZZPVavDDa8R3eLE1q7Nt5N3aOV1PVexs+Oc/6d4mOHk7/AKevmm79P3Tw3qe/krHzOtFfH/SaHsvTny3teT3vN05+nKmaSYC0zdWhsVnSlAahtMGMkaFw+58yPpGbgd9dfR6web0PZCeB0vphL8sX0fkHkbSyshFTKqjGjLtc7GbevraR3Vjmlm2Yja1ufumLbzYTP1+Vp6fRdz5Xn36/rm78fz8fR9jPk/Tcfox47p68/eNLzrn6vT8LoH03T+V4E9vpec3TY0+z0q8l1vSFmnuyDSZlacstsEwkoI1tuEEhWIsYgrQ3/lcfWMXB2c3F80+kfOSNjn546GzxGb+tWKuiYgnTy6NGTVR2tna3o0cXR5Js5eVR2nyLquN2X0z565xdbuZtHZ4e7d29Xc4+usmTZuNTNt7GvLr59zp3zbWWcusYlSJBDcg0BmERThlOGtCQ8d4km5YCKdIi+B3JPmuH6hEfL8fvPIxtPHz14+TJ3bPOL3Xg19AvWdlPlWt6fzq8ivRe7rxX07Q6CSqVYdXohyo7AcjJ1Ljm595GHK2S2Kk0iQVSGpLUCc2CQCoEWxLGoymJU6xMyLGFqUZM2HJArx0iEUSjIQ0rQ3Wc3a2rldShfP8A36rQ6eNmRKoE0AKmgATExizRUrcsAATBK5EmUDUAAAElKxDYNOXTILKUlUQyiRLJDI8ZLmnGAIGIpiCnDi7wsyGMMigKrGzLeGjIS4aCgSKJZVJwxA2hW5BiBuWUSwVIQAJglQSwGAc5JazRKLIaUJFvG1twFEsYgARRIU5YxAyQollCY3Lirx0uRwwQBcMyEyW8dFktWhI3IUSxuSW3DLJBoBoBNoADmK1rMFITYJsJVyJoRuSqJJaJYAqokkokKExtNW0xuah0mrBiBI3LWk0OsbLICyAaSMhDLcUNyFOWtEsaaGBA0HPA1kAAAAAAEUEGRLiMiSW2JWGJZZJKQhiOppW0waqCpa2QFpA3LS0hQQjQlGmiKFmhjqWNoGANyFE0oChiDnuXqMAYAAA0DAhjCVaqXTgYCTQJhKtWS2KDIVJFpKmSFCZQiGJjEDEDAHUMtzYADctbcuGgAAUtAAaDRqMQMkG0xgAANoGIhtBRIUkDEDSYCRRJTEDQA0xtAwAaYDITQNpgVQqHAAoDAEUlJRDqqx5AVTH/xAAuEAABBAIBAwQBAwMFAAAAAAACAAEDBAUREhATIRQgMFBAFSJBBmBwIyQxMoD/2gAIAQAAAQUC/wDVGvuWb4NLS0n+3b2aWumkzdH9mvtNe9uj/Sa/Dbrrrpa+bS0tLS100tLS0tJ2+XX4rJlrrrpr36Wk7LS0tLS0tLS17GbrpP7Ne3S0tLS1+MP4Glr3v79LS110tezXya+HS0tLSFvm0tfUa9zMtLS0tJvuNLXsb7H+PiZtoKpkvRGnqSJ68jLg7LX138R6kVkjjm8i3wCLko6huvQxaKjC7V4uzF0ItPyiJu1CSeqyesSeA2Ti7fSCBEvTloirRqzkKzRHZlkUXedBHaJRwkL+8A5KOGuyE4mXMVteV59pRAS1HzYXbo5uz8oiftwmz1kVc2Ts7flMBOuwSIq0aLIUwR5tmUmWtyp3nmeHGWZV+kDGEdSEPh0i/wCBIXfuE64ku3ItTLnYFvV2BTZKZk2VJlHkgIWyMCG3AS4QmQ+OmlpPGLoQYXK3EJhLHKnhjdFWRRGP4elPdGF5MrTBHnCUmVsyKSeU30bqCrLIocLMShxEAKOKOJlbf5LlTaaYgcLSGwzrveAP9vJck4i6KOJ2OCMk9ZdiRkx240ORsgosqZEGVjdR34JEMwEpKfKKStI0ojNHLXmKGKK85RHYh2QxcXgJPEbLXuZndNEbpq5p4oxVmzViigy00d8ibfJEpwaQSj0/b2oq0jqvj9tVxsIq3aCqMl+c1UaV4G7m1L5P5LNQJ1YrSwPzdkMzobCGwmnZNMy7q7i7i7i5rmv2unjjdNCDM8JcQ74IblkEGTPY5KMmnnglVQAEJKPcCzBPuJ+MbyAiKBSFCye7GE5X6AIszXFFnJHR5a0SO5YNOROqMffks1ijt+rTW16tWLgtEZvIwlKD+SVIpo5TvduGU3lOAO5Nk7D1xhabtSvxjT+zXw/xYx8UinoyxJ2dl3E0i7iaVd113V3V3U0qaVAbk8NaWVDX4oaxu3pTT1H1INNgbGxGPoK4s5VK7PlJ2yTm2+TJ0SsixxkHltsuS5ut7WnUccrDZk7xOzshPfSSPuKtSk3Fjpzari4IwEWBsoPOi6w1fvnwOfIs8rKyXn4N/Dfq+oiOIwlPGysjryAtOvK2trkuSY0FowaPISgnyMqHMTCxZOxIjlM1tFaldnN3WP0VzIUyhvtcTXF6xHcAw9bsHcnRcmQFAJBOoogB6lqjIba1bxMUqOrM0r4qw6iwcTMGNjjQ1WQiwt0JuQ36ZVpMXG0dCnTOpKz7Ey2fV30jtQAmuQOhkE/kvRCZRcOCKGM0VCuSPFiixciKhYFHBKC06265JpNrmuS5JydclyXNTWTnXlHZEH57Ym7ghDoo7EfLgTDJXCRv9eJAbO3JVL1iBgykiDKC6HIQOgsRGt+4hZ27As0e1ZtQhGd6uKLKgyLJzOitWTUcEsyixqiqwx/Kdr/cYtvPvkqwyKXGNqT9hrwuK4rTrz1JFydnhTf9O6XcdxZyiE12jhcZdMEnNijbkDPqSbi7TuhsprSayo7vBRZWVlHl/IZGu6GUTVjKFXOTPSujy9o1JPLKtO67RKKnIaDHKOtEH4DwxOfvsW4K78U+2V2OG0Nis9aYJTZmnJNKLoSHUpvsS8s3jSLwnlFPI5qMkG2TE6Z/HBti6Z00ic2JS1wJSicS5umldk06aXaCTSC1xRWQEWyc/H1sZIZKxoYQQRiztKHZT/k/1Cx+sp3N0vVMpZhkC+bepE2Q+WP9piQ7NtlCOl+5EZKQn7QsxgcbggLiUNWSUGx87o6dllJBMy0bLkSY1yXJP5aUNHwJNCaGtIhqTOhxll0OIsOhw0ybCOhwgIMPCLjTjFo4xDo/4L+5umZr+phIZRXIkRuyerJPFh6MkFjLELk7tybSOd2KqRFYdtO4eDlCMohGzMW3IwOM8PdnC10fyniAkVOAk+Pruv02uv02umx1dDQrMmrQsmjBlr4t/Lvrvo/xaZ1k6UU9SrIVWB7hqQnM7ELccJjxnVzBwmQGMEtKaHKxV4BgDIYaaS5kaJ0pcTSslbvY2C5JXpV6/wBDvq7plvptb+N/KKnXJfp9dQVIYUzM3QxYwHAF3qFOOlF0fz9Hvrv3t1L7/a2tp/y2/sJv7Bb+wm/zrpaWv8QN/hT/xAApEQABAwIEBgEFAAAAAAAAAAABAAIRAxIEITFBEyAiMEBRFDIzUHCA/9oACAECEQE/Af4mBjkbG66VDVaPa4Z2XDcrSNfwAJCFV43Rqk6q5u4XRsrRsVYVafXcAlUcJSp07nZlPaYv9+GHFEzyRKjna94OqL3OEHyZUwqbsPU+rIoYFlT7bk/AVGp1B7dQoKjzITSW6Klj6rciV8oHUo16RGadwTonQNO/P7//AP/EACIRAAICAQMEAwAAAAAAAAAAAAARAQIwEBIhAyAxQEFwgP/aAAgBAREBPwH8SMfchCOfSYx4lqzdJuHBxpyM47n3zNpn02PJB1LRNeCy+MqELHWk2J6N48E7q+YIvA40eqFkeNlerME3ZelZNopOfQWJC+9P/8QAORAAAQMCAwYEAwYGAwEAAAAAAQACEQMhEiIxEEFRcYGRICMyYRMwMwRAQlBioRQkcoKxwVKQoNH/2gAIAQAABj8C/wDBPZfhHVatW4r0lXB/MMjm90KVJmJ0Yi7gs3r/AMfJsJV8qzYj1Vg5tosUGYi6OO0CDdSQNMVwrR0Ks4qxBWiuD+SWBUuLW815n2hvROH2fEam5xWZ7ivLxLPg6hXfH9PyLkNHEqXPDlDXNC9QVvGZaLow/NMm6GcnYchI9t6gjfh0UtPYrK5aSrj71ZpWbC3mV5n2hvRZWvevKosCs6OSzPcV6MPu6yxVakngFZk8/lGFJqnFyX1j1CHmA/2r1MW7ujGIX3Fav6hXI6hXaw8ipc0i0oYiRKtVasbcJdxHhuPZSE9riRg1MWWVwK07LK5afdINN/WyyMc/mvKp02fuvqkcrLUu5lawsjXv5LPhZzWfE89l5bGt5DYG/MNSjrvCv4I23a3shaEIJsOKtUKs4Kxd0cs37tUYWFZmOCs+Oayvaeqrta/6rsWifUpkYvh4GoHA8NDDitYnoqFIZXFuKXKliZ5lR0Bo/wAqpjByHCbLEHQPdWgr0nx2C9KvAWeqAnlj8bwLBB7nl1OczTwVtNllhdtkNtxNgpdUaW/oUuZ3QaAMW5q9eHkmufUMlXwkbCfmz6XcVmFuPi12a+G4C0hZXEXlNzAwd6ti/tcrl3VqhwYf2XmUv9psOawt/wCTU7+ZGJzplqqYal36mFVLc2L0ZowpuNwmLq5CvCsHJrKjHMafxEqzsSyUpXl02heqOQWao5XJKfS3uYYXw41NvAXtcQ4aLy3gEoYre4Um6miCfYBB1am9jzuhFzjcpjOJTGUrE/4TSXguOshe/wA+6lmQrSRxHzIbdaBe6tszYY91ic9nTVTjqQbrNPUolrm4gLDFqm1C8nNcbiFbTZZXsiDs1271ZCrSpvaG/jUw2eI2W2Q7RTTpnmoyn2TS9mJ/6ioa0Aeyq+19jnvJhukHejTY/FB9TkJa0+4KA+5Q0Nxzqm06jI3LJDm/pKzNI6fIhsLKY2QF9WOSzPJ5nZHxXxzVySqbXWDrIN3T4JdaFuW5emUBVf0p/wD1fytIM/Vqe6n7TVvrhZmJWeg2mdxIVtETSyP/AGWD4T8SaXUiJ36rPUc4+1lkw9lmdKgDaQdCuLNxTI/FmlPdaqHdCpIjmifBeyzVWr6gWQz8wOe7C1D4UYfbZmY09F6SORWWoeoViF6J5LMxw6eDhtt4fMdOyJnkgoBWd0N9hKw0aTnO4vuey82G89V/tRiLqY3bLLCH5OCEhhWameiuSOYWWo09fHBEheXip/06I4nzzEIj4rJ5r1k8gslNx5lZGsb0V6rull+J3us5jkrNk8T80fxMm92lPdTaW0jx4/IzMHRH4b+hRa/K7g7xaeCJOwJrHPw0uPBQHB44gKdHcQrZgpVwQpCsFGEjmtdmuzK9zeRX1AeaiowdCvXh/qWRwPJFrvs7556rLTY1fUjks73O5nZcKzbcSs7+ys2T7/cMZpsL+MfIaKz8M7NJWGsy+47wnNxTwUTKzNXBcVbwaK6gKDdWWl1mCnwQ4SsmUrN38JvdQ5ofbsvJxtdzUPdjH6lnoDotcPNWM8looY0B59vvZLtFQxeoMAWqIdojhcXAcdkjRFvBb1xRG9WKEQFmtZBmjh+6upQfTa/Cd69JXo7LMHDp4oKIC0WisD2Q8t9/ZfTctAOqu5ivWb2Waseyn4lTpZavPMrKPvYy3HDVXa4LeruWKhTxAnVOf9pY3BhiDdCjSAa0X223Iby5Q7VTFlBzcQj+AxZcUWvBa4biqVLEXU3GMO26uxp6K9ML0nutHd1o7uvSe6+kFakzsrMb2/J/SOydENeNICFPfv2Fx3qQDiKq/wAVRJYBYm11jov+CwC41UtGOHZSnPqUsNRpgwi1txO9OfQwljzNzEINccTSLOCo1PhuYwHFiKFR+Jr+Ld6mjSAdpi3/AJpdfTC9J7o4G68VYDY5rtHCCs1ZvwvbVFlKTNyTv23v/wBvv//EACkQAAMAAQMEAQQDAQEBAAAAAAABESEQMUEgUWFxMECBkaGxwdFQ8GD/2gAIAQAAAT8h+iXWv+Ov/kV/8Ev+a/pV/wAq/UL6CaP/AK861og0MhPrl9AuiCRUanRCCQgi4Ng0Qa/4S+RaIRNNg0NEFoTX7b6WQSHgNfFPpZ9ChCWqCRBCQpMaGNasZCDRCEIQmsIQnwzSapaJ8SIQmiRBalRCE0IJCUZwMZBog9JpNRaiaEEXrDRCEIQhCawQSITqnSiCRCEFogQhNE0JEHhDyQSGHqC1bxEFptQhNCDQwg0QmhIhBrUQQQmsIQhNJ0JCJrBIRkQhOuEIMY9SEIImiYIQms0MsQmhCEJoSEtGQmkEiE0QhCCQhEEEEF8oQ0PQS6Z0T4INEITWE64QhCCRNEIJCQkU1EEEnzwmr+eD+gSIQSJqJCQlphBInyr6/wBmMuO/WtJoxojbYpt9gfchPZepm5fayPbL7GBPoFpSlL9R3cdxnxryH2c3LCdku42jVZC3WE1Qyjm8Iy8p5KR+q/gTF3B9iTpbHv1yNZZSwQEl9QVOqifYuxw57yLf4gmuXhGxr7fX8dO5b7E0QPI5vdsxCbK7VP0ImkD42Rd3+2UIeHxX9Co2suHaG669VtrC69+MFNJ7wJYJcJwT9m/catZX0JwJ8khPBdJdxSj8JPG6K4llQt7WB80CbbT58aU1JEnll/g8A23S72iYlGqnwC/9Ef0YNIxe9J9Rv8+xFVk+o559szej84QleJx3Yyjle0QfUxe2W2SHi/8ATuJyxwJ/s2EbvmLCix60hNIQmhGnbksFmv6BNJ2imBoW2kdzuNjJmvEpCzlccRSBmzsmd3cZCrTmbYkbmuWB4QTd5huApco/nw4JZCO0E7qSvfR7GzOz2cDamNpJ57GPEOI+52I7DM4+xTKvubpj3X0MZGeTSL9H5JGbv/doja/bKNyW7FmX3AK/m47C1LzCEh5/sxWm/lYfggFGhWXtk0eqRCEIQY3ke6SA77FG48rTpBKEvcSG9j2ERDJR7rk7cZgf6xD3/wD0cR16Bdm8FaXa1hyia+iyeT0wh+rATgqGb2R2Dg3EsTZk0hQfkLios+LfbI+cg5hIQGMszyxpmVbxgXcb70N6+wUt011boP0jZm+41uBL+6FMGmQfLk7BhJ014MavsMoGZFX8F+DRjKhf+5RqnZ7X7ky5fe2YeRgxPYw4Oyk+vsaUQ33Hawx4H8wQfQkInTnnp/2ZQvs7C3FNlSTEj3OgJO+lPcXnpRfP/aE3NthwmGcbr3/0xy4eEuw9KZpOd08Ge8csCcsxCTI84iCfdhX8+U8EZZlT9ZFobO2YY8LA+0wbARUFN3Izuxj+hG5X00MN1HhJH8M8i/N7GM9iy6kpP7Bmf9oye7ZfLEajgFiktlgwjVKvTfM8CCGMvgSpRt3YivHkJ+xHILcL7KnGUmPa+w2rdekJFhUx/oqN+A9tDRCCFF0QmjScImuzKn9CVnfvBTnYXa6u44TLkZ3F3BN3EwvMy7nlI4bdki9ETesQzTncWWwQ2H5mArzG5MQoJDWD3QkKZp4x4640W27bi1vFnuNoXq8CxLXcVwbC/ap+Ba3Qjm1cCnZKirlpEtN3oUtl8jHq15tDKF1ty/4bHsd2Xh4K3h0SipHBkd8lEYU71GLn5yJP1seOJJCalaJfEY2dxOCOsAU8V/JEhwi/wp9mYrxnomrL8VcHyPZULbJyTqQovZg/YsGowMNy+4nEchiIXg3ArsUNytiPgXoV/oYzJY0KRJhI/vYYzlTWfaoWDL5tbKDIkttBFwZSWorG3bXLKeJ/I2/Dwx5N1Xff3bCHK/8AneW/ojauJ/I2QkpR2BplEwbrE2J3blhLcxqWDiWjpNtsyX2Eb1BA8xR93TEnk8FggUlqpDqI14GTDadRZWk8isyJbEzB8eB5oZdeQXs4PJR2Tptf3kzbn1H8cnW43Z2Fud32bVG++lM2wI1+oCCr/iw2xvyH7CNAuQpZ3INFq90jyOHhHmiRTlPJKyO8Sb9ifCm9gLYzHkp4vIy74b3fgQbandfSYM0jHsmy+xdPD4TcknRpB22KWLtKsOrDare3FECk7tqYcUcZrshBS9DkkzdNDlvDZNh9tiHA+UOEt8TS5/4pQ/v1fybfF2BtiT5bGw1+G42D9ibLGs6J0NUe8RtcdmBkqJJfHx0vW7ld8C4deFjLA/dUYl2j9E5IaeRpwzttMaUfZjl7C3bcRjCfkhbzsPs9hSFyIvzYkRjeJfsYRe4RoWQ+F7ohZaAjP6ZjHODGMz4HZBi3/KeiRykxkQggfZqKabFaTdW72iCT8upJWvDePkYLymWUVfrSHH5zYnDEmxLybmr0EKWx6Uyae5kXSjeq0ayJatEGhTTGz56XW6rattxt7KW7Q6P4mMrKXGyGJNKyFb8ouiGd4DGCXlRZ1sncZCatIxWbS0b2Em70cNrcwRbITkLwWRA94D9DTP7pi1zgSu2mogTszIP+xDKJj8DznKMfycJj0mGWKQNdwre7wVt+J2hlFEbRRcyd3NiVvKDysvdhQec4ZLUiYqMXnoXV6LRdbL1LIhYvYai6/QBuDo73djjMVEO6RW8VLwMmC3SoS4PIxSyjW7NvcTHdfgfcZqPFr7jjtGzpTamAjVEO0vQ9ENujRfOo3ONPbSF+G/YbfkIOXkSN0xgigyfkT3Q1ZbSYn8hx7hpJtvwMso0WeT+zsG5e2pwv9x3aemOUfRkl/ISD80Ucl/I1gQg+ui6mOJ9KaJ3tMxy7GNRrCUJ8hdtJ92J+BEvBkZlYU2ZGP0sKl2vLYt53RjFUI/LEwPYhpPyMhmbcmzBwidTaq57HJt7FOTeSwiNGYkl+PKGs6Itin76B/DLBwUG0CEdzDY3+8mxo7APSC7ME8kJ1Uouj0es6LoukDGEMYtEylL3Hvmh4LsQOGNt+wwIQrwN54wkhhAC1x4CCjkJQkuTkszHE0tmI4ZBZ8NMzxFYae9A5uFJRPuhJUtHFPHcnzMNkjyO0hl3Py0a61tpNFpdHquhrR6wSIXRRsZRhizWQthrI8FKUpdESNZJm6L9F+IsmS3yzNhHpDd3M0bnqZhpuzR/qOwa/Li6IsESeV8aQttX0Z+KEILoUuhsuCl6C0YpdKUpdExDZRvSiE/iQviaJ81KNlKXpUaUPHW9FKJlKUpSlEX5C+GE+JatlG/ipfhpSlLpSiYmUT1eqWqi0pS9N+CddKUpSlLrS/LS9FKUXUxR9VKXRlL8D+alL10ouil6kIXwLotL8F1pehfI+qlL1UpdV8q1Wl6GUomXSl+V6JEIQf0C1XQhdDHoumlLo+hdS+OdUIQg10Qg18CF0IWl0ei0fSno9VoulfQLqhCaQg9RCE0XQtaUTG9aXqWk0hBfAvlXwQSF0tEJ1L6GlF0pEJrNH9HBdF+ai+ajdKYmXSlKP4r036C9N+hQuulKUpRD+FdTF8j+FfBOhCEvgfSha/wD/2gAMAwAAARECEQAAEKNLMACIOJMCAUAQdONdDGBAILBCIwBCAPMJELHvlkgvnDRPTWcELILDPGNPPDDFPHdAAMDtillgskPlcVZfPPLPNNDIAAPPDPBYKCAFOPhgsh9+px6H2mJGMMHPEOBAAJPGAKHAGhunn15METxJIye0wlBMIMDCAOMNMMPAPHlmMZ/T8g2+4zZjz+i3zP5X7B8csy0zZ25+9kApf8cTX57Se/wVawu8hrdjvnmonzKMGFQiF2/aZ0w7eLx0a8/25wss7y24p/iQgJ796c8/89/w+4x7Qfw03w52vJnvDrhD0ydcpiqgNFycI7z7wxWWSZ+CL31Kclk0QzKYe1Hk6FfzDtxvJOOtLD0YuXHW1T2egy0w1MPjorST1HXKWa1OKD9NmEJT7ugtk17zZ6gMn0mA48vqrrDjPZHQlWZvuYpOT20PNDFwgVRy0MrhOAFmNCMO4TkuzEtY65kiyaEG7w99l50Cfp8rj7EBR99+i20Gka9hf4b65h1Ztk3R43Wb0xWS7auPPAlBvroUfiuPDRcqrqHCrrmrhQwRjNx5jPKDAAEmtgOt3974649808cc8b9gfNIebFYUdigEEIFJvprkr7Tv9Tzw5uW5uv1vzzzmm658CFNqAww87/avijdBtwtS2t6gwnwo7rzw17WPvrhgiqt41co/71ZEpgAODushks+QXPPGnvrnvshlCV53322wgIEsphKA590+wmlguPAv/8QAKBEAAwABBAIABgIDAAAAAAAAAAERECAhMDFAQVBRYXGBkWChweHw/9oACAECEQE/EP5hCE8tLEILM8pcTEiZa1JE1whBIXlQmZ5H0zCEIQhCE8OEEkIajddJjcK+a/0fVa/BXpfzS3ZP8m5JR9ZD3nbjhMqezouHpT0NKmdIOpJiZ/hGmfZfo/2g/U1+xp7G6xMTS3hjRD/88Ir7JnOK8KfsY1b0L0DZb6vsQi2C1upcXvFKUuZrpirWKJ/w+wgtD01H8Bo7RRsbYvJOODUbVmmRakPfg0Led7aJ3NF5F4aJ4hMTVCaKXN+GrnfhLmhCEJlFLoWieLCEIQhMLMxMXF1zwIJZpfiP/8QAIREAAwABBQEBAAMAAAAAAAAAAAERECAhMDFBQFFQYGH/2gAIAQERAT8Q/o0/iqUv3NjbF9b1IvCvhY9L0ofPS6KXjXw0pS8UzOCjQVHfYsUlW7GnjL8aKInjGxNMeKRm+ulKVZKL+4SFouGIUTI/2LfaTH+R27IvGUflo6Uia2ZSlG8KxvCWNpsiI6E92hCwyvLGqTS8bCdDZ9nuVhCVGiCSNvBo0xd/QlIJZWp9Ygww2K8UpTYmFhhELruGAa7E4qwrK2JvRa1zRj8CbJhEEiEY0yijdD7c9ZuqRtewiSEFwQmHiUaDUI2JEITCJSCCJFZWUuLi5pCapmZS0p4uq6EXiWt6H9jzBDIQhMQhPkfNCcNKUpS6Hz3juml5Gyl+56kPH//EACgQAQACAQMEAgMBAQEBAQAAAAEAESEQMUEgUWFxgZGhscEw0eHw8f/aAAgBAAABPxDqN49Jvoac9A/xXUuX03L0uXcGtbly4MvVYMuXpcuXLly/8163qdRLgy+uyWOly+k1GXLly5cuXBl6XF7S5elwb0XOly5cIJLlwZfU9S9DpuXB0uXqMG5eg6XBl6MuXLl9Ny5cuXL6LqXLlwZcHquXrf8AiOkzKqHRety5c2g3oy5ely5cuG8vW5cuXLly5cuKXLlwagwZf+B/gNTQNKrQ6Kjo9FaXoa3L0uXcuW9N94ui2W9QQ/y462dCBobStTo3jCTDqNtbg/43pdS70vW5fQTMNCX26DqNTQNKhFa8Q2gQQ0cMEt1K0qtWV1vSR0rpVrvAr/E6AYgahntiGIhKlQgm02l3ETtOUQR3IdhOWokSVrWlSpWldFa7/wCJArfQlabtFqHTWhqqZEEEuJVby2xqIzwS17aJBOZid+ohBjtcEdKDoUlRMyokDSomitKlSuqpUqVKla1KltRlX1VKlSoFQIEE2S2ACUbRvMugXLYV0ypsmRN2dBIGZgTK9fLGGCNudDFStfKMJKlSpUqVKvRWoJbDRqVrU50DqANAgQXATaWcRGBrMI9J2CDC0HlCXiXd5Wy2ioRTFvEV2ngMXtN+027R8dK3pVcaaInbUJJ9ddpKlQhno6tAlZ1BAlXKghGTUNAZh5QXPRiTUrQDslxnJMNhE0BXvMM8GGEWMu0s4jSfGmWnLMZYd5l0VJlCTQk/HqRa95Q0d9B0BWipXeVoCEhEhbQtBhDGE7oAcT402i5hTvmOqGIICqqFoQTQJsgLcZhhElkFIeGiqlXKXEPEKUypM56TwEcdpnPjDLVag0MV0iLS+oaAQTOdyYNovbRqlSpUp6KlaggOlhvMsqVExoaEuJoJUdWMdAU0EVE1KgVpUqV41DV+CEugR4Z4ZTxOwhXiGlV31VafOhrUuDe8NKlGIOglSpUfES5WtSpUZUS5SCoGJWtasq5Va1AgSzfo1lyxLdovaIb6AohbUlNR1Ya29C5Zo0xO2jvqkStaInae46V0VelvUobgDe2qlju9uL6ljsiStKgQK0hdQgww3gABzMEBaKF+i5w/lP8Ayf8Awo+4bxvD9ImnuHCBhK/w46OOg9IL0Oj0OpHVmZWtO+aN4Z7J9D5jrK6aMfG8o7MCUNCsWTfzfEVCywNkW3e9AJftBDtK7wO0DjaGXziyJgtc3t+opJfvmfWzEEPDIIFvhau83vghXHY8a9lN9HaCrRIsCi6WJhCAUQ7r6iEqEYUbldniJ9oAI5IvcG8q0Uujhn5yUTDKr/CqJ7idtK1qVKlRJWjqRjGVoplP1L8xUL/asPuO+mHDR5gGQN6195lWkArvcrCfE38rBs+Cj8SzyCtGp74gqiRv+Uyjpsujv2pXxERLXK6qhmJEh3Ss2HQj6hLuM1+nM7JNKk/HoYlQfFhiw07bJmCa9i4OTiVdp8zcofUCsbDUNhfh2hs23dFQS9qKTmodCGJg7fDiXZmXhvVcylDcOXiCKaBihbTW1ZHZhjAqGbUvq4w/vfmZMp87ipWdlSoKVKjtEgRhtpVT71Y6Otamf/yVbFaD8KHmEBi2uHjv+Ll5XjG6/su3nkmf+spF6918XHdRu+ghgJd1q+af4gYzijL9v5M2v35MNYgMAKqPnLBc6AreZabdpabmFcOZmNGbB6ZYelUAQepZyyHed85mGlG8pDt4JtV3vZXZFxoKWyDYOyhj3d4mKcG+3nFYg0m4j673PGAjhb+JUIxI+2T+RALnB/RMbEIFHOce37gnufiILKzsw4Lne6mdXb4m4kxabtz0xfgSslCijiJFEGWXax7gCVNi3rvTmvMJELc0QBaHAf6Qy3fYIlNJXuJ4jiYTESBKlSu0cb6/ErMrOZT2e88TBpurkJkvmH0ElxXw4F3zHbG5V+apZ3DgAfUSPblMvPaZLQKECvmoa8HCE+9o4oaKqv4OfkhQVvb8LP5g4q7A/e8yvedsDFpSCfGl0K8acXQwOCPBwPueY+dEaRERlGM0uCYASoXS4YTQaKc3bv8A2K8vcRzxWcxP6UZhBzBcWTJjmPMaF7jdf7O2OxdHvt7cq7GwW/RajNaqguPsCCWsC+IV3xxDdtumpa3ziVVDpR8m6L24fqdyerBybxUtfuCFFbmIGQAcAcXd4zn7gjtHtBASZbbMSoQRvjyONoglahtVOfBFhQZrAxtx5Y55gSAXbepfjdsn5i61jkWRwmPJUs2sla/I/M+mJGcX/hKxD5tuMmn8D9sV64Fy+7XBvC5NQtTTRw04+J+TGBwzDNpaOT2uWfjN7r8QSpoUE5zNjCrRMJ7uoB7pcsHlVpFDSyX/APJFDHwYd6bEXp4MAP3FUqlYHYrDt5lEC1Vgv2QFkx5i7yKj4jQmDA7zmBmIMOM5gO+vxK7QVDDgd/Tn3LBwHKphaICljFuWK3/c3mkRtCv/AHE/KfLgcCB7y3F8VFf8CsWUUMmodowaACLIDniBDiWbIbqvtvKOCSwHHDx6g6KKVirzntD4n4/IZ/5GcAwZg5zT+JZ8iUShsAbXuTKcYQxVFL2e4z8QkFhtQMBmCsJCF0NqQvbvATBSd1M/mDIB5zL6i80QRUK4n7YIYY87jA39zdBbUWEg1wgCCobhsYX8BExqB4uSx7osYTgCBUDmvoZfgC8iVoKIG+CW/wDqJka5IEsxHC2FP5ifeJZu3anaX0Pp37jyl7tX8sJVUtnqKqD7yjODttr3nxLZ3Knbx9R8Qqbe25fq4U8mQXsCvK/plNqQFF4FCe24tFEbdle0V5QdA5pTZlCLnVggDmPmPcLH3MrUboy/jj4hSlZpp+MkSNwO/aUUpunBmFS5j5/dwfOcqFwLmLCU0T2h8MtGAUC6fEwqrXdZC414Yht3+wuGS0KBLAuMXyKFIQX4RyhjcvaoT5a3YWudohKQwhZSDn0kVFHxVtyYm85ZV3jieIxocuzvFROwWCmvJe6imsb9xENsliyI8fghPtorMM8HdgMVZ2OOEAIAaB73W3q5QE02VfdL2PYqEbqnB+pliQURV+Zjg/UpBNYWrYoN0r9oalXOrJie2qiiaacGZAZHsYUJigIPqH9NMBX6GIYLxBgVsTVzZnBFkbB27zfziX5iCujvC7bhaLiMbSCJUXtFmXN46DeB0+pj9ROfYsN/cT5EoQ+TO/iJC3yuK9MUcF3InWfUvcu5fkHzKqqx70A+Yjg1CZD4FX8xNvt1t5YNxa92NCFw2iCmXsI2r+6S43Xq8MHVMAQAcYjir93YkYKXJAftJTBR5aLN/EBYIKM8THlbgGbSvMWDlHnBLoRlejaW1JbUxXr30uwd6qCS6BFu4UQ9WnaJPE1hj3waNuBKJclNebyqa9xWVvCFjOWih+K8xXygYFHxipYYhWc7JmvjvEy8Dm+QhSQQDBoDeVDeO076JB/q/mDkZtXPlZbO5BlDwnwGj7gwHHbKwkP7momK7PZMEoUWm3Tt+Qo+Io5sHeVcOG8cm0od13XdPVkRvkr1BPMuuYK7W+pRU45L9ogFHdT4ITYvS/kbw3cNRJvFb0MMG9alaPjePJoyEhlS+3vBYAdsJ57xKVkdnMvs5uoH7l5Zvfo+G5Z0M7B/MyT+bWEeUQ5RACjm6wR4PxCcqJf4AuuYwLfhVxd5ROJ+TVVFjQuy5axb8RZuh4Z3WoFaYyI1T3lpAik+YqrWXS1PJtELY7guvmKJgFiGlmwm/piEctdV7Fq+WOCODKK7IfNymNli5Ow/8lKKNzQY+dIDXGIYb7Kf7Kjc+JSYLAH0vIeCEBQts1e7/kasOIYD5zGleNIxn4gYZbAv63gxYkC7SnMuWMo4YDTMIj8QbdVt2bud/hAeG5EXtwJ6CELy1KnfBbLAumKZPtqWR2RMfQP7l+DcIn+SfiCN+7I+gCBkbor+TiU+Rgv7bShRW2R/z6JxADsFS5ctVyntCBcIojomAC01ZeYMG8grtpXutuxBpFaZubS5oIXz0JcU7f8AYqlLZ2ckCoH/APGsRVHS7BfA/wDYkSmnCf1+agIVPhYy67j4lHgeJyE9wqhb44NIv/abgv4TDwbbxSnuVFkJaeDcGplhGuMTIeMjSpxG75m4SawvBk+6IcrG3wA7x9ZblMEC5D2r+QlpKwpiWCvGb0PmLo4dqmzC9708AtQva4uWYOBaN2Od94vJ2+CttoyCiYUPLW0o2bWHlfJ2laB6/dbP/YIOhooa3bLPzDaM8jF24gSrgUNn5jzUtlb+4+A3FfnauWDsWB9WwBlzEkc2RFx9Qb7z9EFFTz/Sx0DPO/OIAKArg7S4UZZL0dzEsw2im8qOgXik2Uwsn5jnftWi2Xo30Rn9XT2XTYlLIssrIzGnAOYEOd4Xc8NkrFxHqx2s4YEEDZyYai+40xbKz3yQB6AhhJDkFsxJSzOdvqUAo8mYVWz7gAlHaZ7MbGEJZ73zUS+BVhdjCLoOzMTbl2jKQx3hvhs8mAJlwtzG7BPeKczwMduBqO3dnvtCKbOBlThTcTtu8SzyjYH6g4BQlXOcwH3Equy7UqLtwx3RJsDNGz53/MH9xR/H/sbBtw9PxUya+aCRXIeg/UfWVcnuZ4ltskMzdNyONA2yphLdCxS49DAEyei4OIIAYEC+MH1LBBqu4KPwE4j9yxqF0cruMfgjK2vp7QNhlXbhJbg8R3e4I1bGQsglVfhFY1Cmrs287x6qsZXSmfqVj88yw/MpVfxIqtCPK1V4lqEAvYe4ymrwK2EaiWjmuYLvKSQe2GHrv9yMxXCs/ucjLZLTwDyZiFGScmz3H7xXmoc4ekLmDY57xPAk5VeJ5EHGvxK92QBfU2gvj+zP/qaeFiM/K3+RpQeyo+vKVH7goMbVr8QLX/K/UrRxpVtfLBMIi6BMwisuVqUu5ddColhjEa99Ll3AZ3JghKMlttDl9YiANhTADYm0qfMy7xroGMlYrqJuW+ybRkDGFY8VvEbTuizevUo1DbXFsS0ChYuJ2AgeBhjExNysQClNlB8kdcSomPuKry2FX4Xhi70koCittGxmJxY2LO7FHmU42uLAJj0jAEV0SW7Gyb3OBkMeJVQAoA2DnJzCt+7MoqdN5v6T9BF/YpdHr/xNxd9P5BlPtOZJbvf9o+HxRhp8Gv5BDA9Cou902ZlJVaDXNS2t5cKGJwXPaXGVtoJTKuX7RxDEGEVO0CzBm5mq8xDsy5jL4nhFxBLqUxlrt+Jd3Wec/uWwU7iG5bDGhB8tbbSooBQ3SfHioltfzFVAsVcRYiDDfxM11IaLwSyru/EEDy6GZKt3RbfmMrpmlgMGThr4YRGwqCywcphw7TIyFwXPD3iyM9+TuJ2O5FyhuXV9h/Y5kLbz5bnipSSARobFjcMDMv3oWnty81UT40KroJdOlWJ3Qai7xYiMQGjo5iCwKlniUmgM50LarEmUrLNoBTBbGdmIWW2PYxSx5lYVwg5RvMOY+cIIHzB7AUjyRq1ObpFd+kKYkLNDDsXtPwEhKIO6gHU8MKCP7jWOzamcFij3cCTemsCjbAHaF5mpvzl0Tn5i30ujPiZ9RFlSLl6CJcR4jhPcxxKuVXTREaWBDE+I6LNpZMYKxtpzO6PEx3g1ibZnFvQUhoDoPFwWIljLmyOZ6m8ZejLly8x2gguAEuXpcJcvMUlksQJUrpvQlaDie8tE6RcuoM2XEs4uUYZT0jL1XB6A2x6cGEeZ4S9GXpXiV40ECVoJc2gxZcuXcoxptHbWutUrV2S4OZcuLLly5cfJ0Lel9F1qMNT2lwwhFGjToFL1BUuowpfQL0JdQi9a120JiENb6xCMoMvQxcuXLgy5cvoWuYaFy4MIFBscHMuOlzvZ0KXBKl6XXQLihBFy5xKlVHeBjQHfW4uJcuXLlzcxKTeXW0NQNul6rqKXLlx0Bly9CbNCgy46XoWpa5awS5SLelksgy7hjQMvUvS4u8arGm8qJiVK6DoXLg10C4zaXL6Bdy6lIZ0NoMGBDfQjpcdRdFBxquXF1CNC4dI6jpRD2ld5g1PKDtElYlSo9F6OuNFDMINTRTvDO0IHUGXW8HG+h94WixS4OIMUuXoXLi7y8zH+OU209aVcdBwny0KlQIZahxqaDBzF1Dl6L1KHQuLjQW3VbN8vqDouXet+ZdS7lzfo3SmEqViJGMNG8IZTtPSK7RrDQpmyGgQVOZfUBcGRHMc7S6050xzKvTUOyYQagyk4hfPQZcuXLl6cw6MJfQxlQihgrRJVdKVKgSpUXeXLiwYMu5cGXoNS+i6m6bILzArUlUIoxAiGitNy9PnUL1olEC4kvQlSiZMHQgjmONKjKldNxcaFcJcGXBnzpfnS+ghLz0XFi7Qi5TRaK5Vyukaly9B0hzLlwZegy5cuXcvEvS9Fy4svRegS9TS5cuXLlwzG4IKzDoqug95v0gvUvpXMthFpvrUVRXpfRfUpcuXLvR2hLivU0NAIxU2hmCC4Eo1uHSd9d2jjT//Z" style="width: 525px;"><br></span></p><p><span class="userContent">Maskapai asal Malaysia ditembak jatuh di \r\ntimur Ukraina, pada 17 Juli, dan membunuh 298 orang yang ada di dalam \r\npesawat. Insiden ini sontak memper<span class="text_exposed_show">uncing\r\n konflik antara Pemerintah Ukraina dengan pemberontak pro-Rusia, yang \r\nmasing-masing didukung oleh negara Barat dan pemerintah Rusia.</span></span><span id="more-14"></span></p>\r\n<p>Jika MH17 benar-benar ditembak jatuh oleh misil, maka serangan ini \r\nakan menjadi insiden terparah dari sebuah pesawat penumpang komersil \r\nsejak tahun 1960-an.</p>\r\n<p>Menurut Konsultan Penerbangan yang berbasis di Inggris ‘Flightglobal \r\nAscend’, sejak tahun 1967, lebih dari 700 orang telah terbunuh dalam 19 \r\ninsiden terpisah yang melibatkan serangan bersenjata.</p>\r\n<p>Serangan terbaru sebelum MH17 terjadi pada bulan Januari 1999 ketika \r\npesawat Hercules yang dioperasikan oleh TransAfrik ditembak jatuh di \r\ndekat Bailundo, Angola, dan membunuh 9 penumpang dan awak kabin.</p>\r\n<p>Berikut adalah daftar 5 insiden penerbangan paling mematikan:</p>\r\n<p>Iran Air, 1988<br>\r\nDalam perjalanan dari Bandar Abbas menuju Dubai, penerbangan Iran Air \r\n655 ditembak jatuh oleh kapal perang Amerika di lepas pantai Iran, dan \r\nmembunuh 290 penumpang di dalam pesawat.</p>\r\n<p>Angkatan Laut AS mengatakan, insiden tersebut merupakan kesalahan \r\nkarena tadinya diduga merupakan jet tempur F-14 milik Angkatan Udara \r\nIran.</p>\r\n<p>Korean Air, 1983<br>\r\nPesawat Korean Air dengan jenis Boeing 747 ditahan dan dipaksa turun \r\noleh pejuang Soviet setelah masuk ke dalam wilayah udara Soviet dalam \r\nperjalanan dari Anchorage, Alaska, menuju Seoul di Korea Selatan. \r\nSeluruh 269 penumpang dan awak kabin terbunuh.</p>\r\n<p>Lybian Airlines, 1973<br>\r\nSetelah ditahan dan ditembak oleh Angkatan Udara Israel, sebuah pesawat \r\nLibyan Air tipe Boeing 727 dihancurkan ketika berupaya mendarat paksa. \r\nPesawat ini memasuki wilayah udara Israel karena kesalahan navigasi dan \r\nditembak di gurun Sinai, 150 km timur laut Kairo, dan membunuh 106 dari \r\n113 orang di pesawat.</p>\r\n<p>Air Georgia. 1993<br>\r\nDalam upaya terakhir pendaratan, sebuah pesawat Topolev Tu-154 yang \r\ndioperasikan oleh Air Georgia ditembak jatuh oleh misil di wilayah \r\nGeorgia yang bersengketa, yakni Abkhazia.</p>\r\n<p>Pesawat ini akhirnya jatuh ke landasan pacu dan menyebabkan kebakaran\r\n yang membunuh 108 dari 132 penumpang dan awak kabin. Pesawat ini \r\ndiyakini tengah disewa Kementerian Pertahanan Georgia untuk mengangkut \r\nprajurit guna membantu pertikaian di sekitar ibu kota Abkhazian, \r\nSukhumi.</p>\r\n<p>Sudan Airways, 1986<br>\r\nSegera setelah lepas landas dari Malakal, Sudan Selatan, sebuah pesawat \r\nFokker F-27 milik Sudan Airways dilaporkan ditembak jatuh oleh “Tentara \r\nPembebasan Rakyat” Sudan, dan membunuh 65 penumpang dan awak kabin.</p>\r\n<p>(Sumber: ABC Australia)</p>', '2014-08-14 12:19:22', 'published', '5-insiden-penembakan-pesawat-yang-sangat-mematikan'),
	(108, 8, 'Negara Dengan Kualitas Pendidikan Terbaik Di Dunia (Finlandia)', '<img src="http://digidu.net/artikeldanberita/wp-content/uploads/2014/07/education-in-finland.jpg" style="width: 500px;"><br><p>Sumber gambar:&nbsp;<a class="irc_hl irc_hol" style="color: #7d7d7d;" href="http://impase.blogspot.com/2013/04/edukasi-finlandia.html" data-ved="0CAcQjB04Dw"><span class="irc_ho" dir="ltr">impase.blogspot.com</span></a></p>\r\n<p>Finlandia. Negara dengan ibukota Helsinki ini memang begitu luar \r\nbiasa. Peringkat 1 dunia ini diperoleh Finlandia berdasarkan hasil \r\nsurvei internasional yang komprehensif oleh Organization for Economic \r\nCooperation and Development (OECD). Tes tersebut dikenal dengan nama \r\nPISA (Programme for International Student Assesment) mengukur kemampuan \r\nsiswa di bidang Sains, Membaca, dan juga Matematika.</p>\r\n<p>Hebatnya, Finlandia bukan hanya unggul secara akademis tapi juga \r\nmenunjukkan unggul dalam pendidikan anak-anak lemah mental. Ringkasnya, \r\nFinlandia berhasil membuat semua siswanya cerdas.</p>\r\n<p>Lantas apa kuncinya sehingga Finlandia menjadi Top No 1 dunia?<br>\r\nDalam masalah anggaran pendidikan Finlandia memang sedikit lebih tinggi \r\ndibandingkan rata-rata negara di Eropa tapi masih kalah dengan beberapa \r\nnegara lainnya. Finlandia tidaklah menggenjot siswanya dengan menambah \r\njam-jam belajar, memberi beban PR tambahan, menerapkan disiplin tentara,\r\n atau memborbardir siswa dengan berbagai tes. Sebaliknya, siswa di \r\nFinlandia mulai sekolah pada usia yang agak lambat dibandingkan dengan \r\nnegara-negara lain, yaitu pada usia 7 tahun, dan jam sekolah mereka \r\njustru lebih sedikit, yaitu hanya 30 jam perminggu. Bandingkan dengan \r\nKorea, ranking kedua setelah Finlandia, yang siswanya menghabiskan 50 \r\njam perminggu.</p><p><img src="http://digidu.net/artikeldanberita/wp-content/uploads/2014/07/education-in-finland.jpg" style="width: 500px;"></p><p>Sumber Gambar:&nbsp;<a class="irc_hl irc_hol" style="color: #7d7d7d;" href="http://blogsyahdu.wordpress.com/2013/03/07/perbedaan-pendidikan-di-indonesia-dan-finlandia/" data-ved="0CAQQjB0"><span class="irc_ho" dir="ltr">blogsyahdu.wordpress.com</span></a></p>\r\n<p>Apa gerangan kuncinya?</p>\r\n<p>Ternyata kuncinya terletak pada kualitas guru. Di Finlandia hanya ada\r\n guru-guru dengan kualitas terbaik dengan pelatihan terbaik pula. \r\nProfesi guru sendiri adalah profesi yang sangat dihargai, meski gaji \r\nmereka tidaklah fantastis. Lulusan sekolah menengah terbaik biasanya \r\njustru mendaftar untuk dapat masuk di sekolah-sekolah pendidikan, dan \r\nhanya 1 dari 7 pelamar yang bisa diterima. Persaingannya lebih ketat \r\ndaripada masuk ke fakultas hukum atau kedokteran!</p>\r\n<p>Jika negara-negara lain percaya bahwa ujian dan evaluasi bagi siswa \r\nmerupakan bagian yang sangat penting bagi kualitas pendidikan, Finlandia\r\n justru percaya bahwa ujian dan testing itulah yang menghancurkan tujuan\r\n belajar siswa. Terlalu banyak testing membuat kita cenderung \r\nmengajarkan kepada siswa untuk semata lolos dari ujian, ungkap seorang \r\nguru di Finlandia.</p>\r\n<p>Pada usia 18 th siswa mengambil ujian untuk mengetahui kualifikasi \r\nmereka di perguruan tinggi dan dua pertiga lulusan melanjutkan ke \r\nperguruan tinggi.</p>\r\n<p>Siswa diajar untuk mengevaluasi dirinya sendiri, bahkan sejak Pra-TK!</p>\r\n<p>Ini membantu siswa belajar bertanggungjawab atas pekerjaan mereka \r\nsendiri, kata Sundstrom, kepala sekolah di SD Poikkilaakso, Finlandia.</p>\r\n<p>Siswa didorong untuk bekerja secara independen dengan berusaha \r\nmencari sendiri informasi yang mereka butuhkan. Suasana sekolah sangat \r\nsantai dan fleksibel. Adanya terlalu banyak komando hanya akan \r\nmenghasilkan rasa tertekan, dan mengakibatkan suasana belajar menjadi \r\ntidak menyenangkan.</p><p><br></p><p><img src="http://digidu.net/artikeldanberita/wp-content/uploads/2014/07/2013-01-13-cmrubinworldluokkahuone_kuvaaja_Liisa_Takala500.jpg" style="width: 500px;"></p><p>Kelompok siswa yang lambat mendapat dukungan intensif. Hal ini juga yang membuat Finlandia sukses.</p>\r\n<p>Berdasarkan penemuan PISA, sekolah-sekolah di Finlandia sangat kecil \r\nperbedaan antara siswa yang berprestasi baik dan yang buruk dan \r\nmerupakan yang terbaik menurut OECD. Remedial tidaklah dianggap sebagai \r\ntanda kegagalan tapi sebagai kesempatan untuk memperbaiki. Seorang guru \r\nyang bertugas menangani masalah belajar dan prilaku siswa membuat \r\nprogram individual bagi setiap siswa dengan penekanan tujuan-tujuan yang\r\n harus dicapai, umpamanya: Pertama, masuk kelas; kemudian datang tepat \r\nwaktu; berikutnya, bawa buku, dlsb. Kalau mendapat PR siswa bahkan tidak\r\n perlu untuk menjawab dengan benar, yang penting mereka berusaha.</p>\r\n<p>Para guru sangat menghindari kritik terhadap pekerjaan siswa mereka. \r\nMenurut mereka, jika kita mengatakan “Kamu salah” pada siswa, maka hal \r\ntersebut akan membuat siswa malu. Dan jika mereka malu maka ini akan \r\nmenghambat mereka dalam belajar. Setiap siswa diperbolehkan melakukan \r\nkesalahan. Mereka hanya diminta membandingkan hasil mereka dengan nilai \r\nsebelumnya, dan tidak dengan siswa lainnya.</p>\r\n<p>Setiap siswa diharapkan agar bangga terhadap dirinya masing-masing. \r\nRanking hanya membuat guru memfokuskan diri pada segelintir siswa \r\ntertentu yang dianggap terbaik di kelasnya.</p><p><img src="http://digidu.net/artikeldanberita/wp-content/uploads/2014/07/VERSTAS_SAUNALAHTI_1685.640.jpg" style="width: 640px;"></p><p>Itu contoh kecil yang bisa kita ambil nilai positifnya untuk sistem \r\npendidikan di negara kita tercinta ini, karena kekuatan Indonesia \r\nbersumber dari SDM sehingga akan terkesan percuma memiliki Sumber Daya \r\nAlam yang melimpah tetapi kita sebagai penduduk pribumi tidak bisa \r\nmengelolanya karena kualitas SDM yang kurang baik, pendidikan merupakan \r\nujung tombak memajukan suatu bangsa, Saat ini Indonesia menempati \r\nperingkat 10 dari 14 negara berkembang di Asia.</p>\r\n<p>&nbsp;</p>\r\n<p>Sumber: salimah.or.id, dan berbagai sumber</p><br>', '2014-08-14 13:33:57', 'published', 'negara-dengan-kualitas-pendidikan-terbaik-di-dunia-finlandia'),
	(109, 1, 'Membaca Suka Membuatmu Mengantuk ? Ini Dia Sebabnya', '<p><span style="color: #444444;">Tahukah kamu bahwa Indonesia merupakan \r\nnegara dengan minat baca yang kecil, bahkan kita kalah dengan negara \r\nmalaysia. Padahal negara maju menerapkan budaya membaca menjadi salah \r\nsatu prioritas pembangunan SDMnya. Selain akan meningkatkan kemampuan \r\ndan wawasan, membaca juga bisa melahirkan banyak orang-orang kreatif dan\r\n inovatif.</span></p>\r\n<p>Hayoo.. siapa tokoh yang kamu kenal dan berpengaruh tapi tidak suka baca ?</p>\r\n<p>nah karena sering mendengar bahwa kalau membaca itu suka mudah \r\nmengantuk maka admin coba paparkan beberapa hal yang membuatmu gampang \r\nmengantuk saat membaca berdasarkan pengalaman admin sendiri.</p>\r\n<p>&nbsp;</p>\r\n<p>Kelelahan setelah beraktifitas</p><p><img src="http://digidu.net/artikeldanberita/wp-content/uploads/2014/07/4-Tips-Mengatasi-Gampangnya-Kelelahan.jpg" style="width: 540px;"></p><p>Kalau kamu sedang dalam kondisi kelelahan setelah beraktivitas \r\nbiasanya daya tahan tubuh menurun sehingga akan menuntut kamu untuk \r\nberistirahat, Alagi di waktu-waktu istirahat seperti siang atau malam \r\nhari kecuali pada pagi hari dan pastikan kamu sudah mandi setelah \r\nberolah raga mungkin kondisinya malah akan terbalik menjadi lebih segar.</p>\r\n<p>Membaca Dengan Posisi Tidur</p>\r\n<p><a href="http://digidu.net/artikeldanberita/wp-content/uploads/2014/07/Bink-Gollie-sleep-5n.jpg"><img class="alignnone size-full wp-image-78" src="http://digidu.net/artikeldanberita/wp-content/uploads/2014/07/Bink-Gollie-sleep-5n.jpg" alt="tidur membaca" height="319" width="480"></a></p>\r\n<p>Ini salah satu penyebab kamu mudah mengantuk ketika membaca.. sudah \r\ndalam Posisi Wenak apalagi cuaca dingin yang membuatmu refleks mengambil\r\n selimut dan tidur. Usahakan membaca dengan posisi duduk atau boleh \r\nsekali-sekali berdiri sambil berjalan bulak balik dikamarmu. Gerakan \r\ntubuh membuat badan menjadi lebih bertenaga, atau coba membaca di ruang \r\nterbuka seperti halaman rumah atau taman tentunya dengan penerangan yang\r\n cukup.</p>\r\n<p>&nbsp;</p>\r\n<p>Membaca buku yang tidak kamu suka</p>\r\n<p><a href="http://digidu.net/artikeldanberita/wp-content/uploads/2014/07/boy-not-reading.jpg"><img class="alignnone size-full wp-image-79" src="http://digidu.net/artikeldanberita/wp-content/uploads/2014/07/boy-not-reading.jpg" alt="Tidak Suka Membaca" height="281" width="430"></a></p>\r\n<p>&nbsp;</p>\r\n<p>Kalau kamu masih studi pasti kamu akan diharuskan membaca buku yang \r\nsebenarnya engga kamu banget, tapi mau gimana lagi itu adalah tuntutan \r\nkamu sebagai siswa atau mahasiswa. Diawal kamu pasti sudah menggerutu \r\ndengan buku yang tidak kamu suka yang otomatis membuat daya tangkap \r\nmateri dalam buku pun berkurang sehingga konsentrasi kamu jadi menurun \r\ndrastis dan tidur merupakan pilihan terbaik hehe..</p>\r\n<p>Maka tipsnya usahakan sebelum memulai membaca kamu harus memiliki \r\nmotivasi tersendiri kenapa harus membaca buku yang tidak kamu suka. \r\nSelain menambah wawasan baru bisa jadi dari buku itu kamu bisa \r\nmendapatkan berbagai keterampilan yang akan kamu butuhkan suatu saat \r\nnanti.</p>\r\n<p>&nbsp;</p>\r\n<p>Membaca Buku Ditempat yang cahayanya redup</p>\r\n<p><a href="http://digidu.net/artikeldanberita/wp-content/uploads/2014/07/lampu-baca-89rb.jpg"><img class="alignnone size-full wp-image-80" src="http://digidu.net/artikeldanberita/wp-content/uploads/2014/07/lampu-baca-89rb.jpg" alt="Membaca Buku" height="320" width="320"></a></p>\r\n<p>Kamu pernah membaca ditempat yang aga gelap ?, coba kamu test sendiri\r\n dengan membaca di tempat yang benar-benar terang, bagaimana \r\nperbedaannya ?. Selain akan membuat matamu menjadi minus membaca \r\nditempat redup membuatmu harus mengeluarkan energi cukup besar agar bisa\r\n memperhatikan huruf yang kamu baca sehingga membuat mata kamu cepat \r\nlelah. Maka selalu usahakan membaca ditempat yang terang, kalau lampu \r\nkamar kamu aga redup mending cepat ganti ya, gak mahal ko dibandingkan \r\nilmu yang akan kamu dapat dari membaca.</p>\r\n<p>&nbsp;</p>\r\n<p>Membaca diruangan yang pentilasi udaranya kecil</p>\r\n<p><a href="http://digidu.net/artikeldanberita/wp-content/uploads/2014/07/images.jpg"><img class="alignnone size-full wp-image-81" src="http://digidu.net/artikeldanberita/wp-content/uploads/2014/07/images.jpg" alt="ruangan tanpa ventilasi" height="199" width="253"></a></p>\r\n<p>Ini cukup berbahaya karena dengan ruangan dengan pentilasi kecil yang\r\n biasanya karena tidak ada jendela akan menguras energi kamu ketika \r\nbernafas, ini dikarenakan oksigen yang sulit masuk sehingga daya tahan \r\ntubuh berkurang dan cepat lelah sehingga membuat kamu jadi gampang \r\nmengantunk.</p>\r\n<p>&nbsp;</p>\r\n<p>Kamu Memang Males Membaca</p>\r\n<p><a href="http://digidu.net/artikeldanberita/wp-content/uploads/2014/07/Reading-books.jpg"><img class="alignnone size-full wp-image-82" src="http://digidu.net/artikeldanberita/wp-content/uploads/2014/07/Reading-books.jpg" alt="malas membaca" height="362" width="748"></a></p>\r\n<p>Kalau kamu punya sifat seperti ini membaca dimanapun dan kapanpun \r\nbisa jadi membuatmu mengantuk, yang lebih parah ada orang yang dia \r\nmembaca sebagai pengantar tidur saja. Luar Biasa..</p>\r\n<p>Segera rubahlah sifat buruk kamu ini, karena dengan membaca cakrawala\r\n pengetahuan kamu menjadi lebih luas sehingga itu bisa menjadi faktor \r\npenting keberhasilan kamu di masa depan.</p>\r\n<p>&nbsp;</p>\r\n<p>Teori-teori diatas semuanya tentu tidak mutlak, dan bisa terbantahkan\r\n bagi kamu yang memiliki semangat yang tinggi untuk membaca. Maka dari \r\nitu temukan&nbsp;motivasi kamu ya..</p>\r\n<p><a href="http://digidu.net/artikeldanberita/wp-content/uploads/2014/07/MOTIVATION.jpg"><img class="alignnone size-full wp-image-83" src="http://digidu.net/artikeldanberita/wp-content/uploads/2014/07/MOTIVATION.jpg" alt="MOTIVATION" height="334" width="500"></a></p>\r\n<p>Oke sekian info dari saya semoga bermanfaat <img src="http://digidu.net/artikeldanberita/wp-includes/images/smilies/icon_wink.gif" alt=";)" class="wp-smiley"> </p>', '2014-08-14 13:52:41', 'published', 'membaca-suka-membuatmu-mengantuk-ini-dia-sebabnya'),
	(110, 1, 'Dilema Mahasiswa yang Salah Masuk Jurusan', '<p>Hallo Sobat…</p>\r\n<p>Hari ini kita akan membahas fenomena dilema mahasiswa yang salah \r\nmasuk jurusan. Wih.. asyik nih. Pernah nonton film “3 idiot” ?? yang \r\nmenjelaskan perjalanan 3 orang sahabat saat menjadi seorang mahasiswa \r\ndengan impian yang berbeda-beda. Mereka kuliah di teknik tapi ada yang \r\nmenyukainya, terpaksa, dan juga masuk karena tuntutan. Disini kita bisa \r\nmelihat warna tentang dilema menjadi seorang mahasiswa yang mencari jati\r\n diri mereka sehingga mereka pada akhirnya menemukan apa yang menjadi <em>passion</em> mereka.</p>\r\n<p><a href="http://digidu.net/artikeldanberita/wp-content/uploads/2014/07/3idiot-33-12x9.jpg"><img class="alignnone size-full wp-image-88" src="http://digidu.net/artikeldanberita/wp-content/uploads/2014/07/3idiot-33-12x9.jpg" alt="3 idiot" height="960" width="1280"></a></p>\r\n<p>Di Indonesia kemarin sobat sudah menjalani masa-masa mencari \r\nuniversitas serta jurusan yang sesuai dengan yang diharapkan, ada yang \r\nlolos ada juga yang tidak, Tapi memang seperti itulah persaingan harus \r\nada yang menang dan kalah. Tapi sangat disayangkan kita terlalu terpaku \r\ndengan universitasnya bukan jurusan yang menjadi ujung tombak arah karir\r\n kita dimasa depan.</p>\r\n<p>Nah inilah beberapa faktor yang menyebabkan fenomena ini terjadi..</p>\r\n<p>&nbsp;</p>\r\n<p>Banyak santai sehingga asal masuk kuliah</p>\r\n<p><a href="http://digidu.net/artikeldanberita/wp-content/uploads/2014/07/lazy-college-grad.jpg"><img class="alignnone size-full wp-image-89" src="http://digidu.net/artikeldanberita/wp-content/uploads/2014/07/lazy-college-grad.jpg" alt="siswa malas" height="399" width="600"></a></p>\r\n<p>Nah ini kelakuan kebanyakan anak muda zaman sekarang.. menikmati masa\r\n muda sehingga kebablasan membuang waktu untuk hal yang sia-sia. Santai \r\nboleh sob tapi kamu harus ingat bahwa terlalu banyak santai membuatmu \r\nakan menyesal nanti.. kita harus tahu bahwa orang yang seumuran kita itu\r\n banyak di negeri ini dan persaingan sangat ketat, menduduki satu kursi \r\nuniversitas favorit aja kamu harus memperebutkannnya sampai dengan 120 \r\norang.. kalau kita banyak santai ya bersiap-siaplah untuk menerima apa \r\nyang sudah kita tuai. Tapi sangat disayangkan kebanyakan kalau kita \r\ntidak lolos ke universitas dan jurusan yang kita inginkan akhirnya malah\r\n mengubur harapan dan berubah pikiran jadi “yang penting gue kuliah di \r\nuniversitas favorit gak pa pa gak sesuai jurusannya juga”. Nah ini yang \r\nbahaya.. kuliah itu beda dengan kita SMA Sob.. &nbsp;ilmu yang kita dapat \r\nbenar-benar akan kita implementasikan ketika kita berkarir kelak di \r\ndunia kerja.. lebih baik mencari jurusan yang benar-benar <em>passion</em> kita sehingga ketika kita jalani akan benar-benar maksimal karena semuanya kembali ke diri kita masing-masing.</p>\r\n<p>&nbsp;</p>\r\n<p>Tidak tegas dengan arah dan&nbsp;tujuan hidup<img class="alignnone size-full wp-image-90" src="http://digidu.net/artikeldanberita/wp-content/uploads/2014/07/205710_bingung-memilih-jurusan-kuliah_663_382.jpg" alt="tidak tegas dengan arah dan tujuan" height="382" width="663"></p>\r\n<p>Sob.. antara usiamu 15-17 tahun sebaiknya kamu sudah menentukan \r\ntarget dan impian yang ingin kamu capai, karena ini adalah hal yang \r\nsangat penting. Kalau kita tidak tegas dengan diri sendiri kita akan \r\nterbawa arus apalagi banyak sekali faktor yang akan membuat kita galau \r\nantara keinginan hati dengan lingkungan dan keluarga yang menginginkan \r\nkamu memiliki profesi yang mereka inginkan yang belum tentu sesuai \r\ndengan keinginan kamu. Kalau keluarga kamu sudah bisa melihat dari apa \r\nyang kamu lakukan saat ini dan kamu bisa menjelaskan apa yang ingin kamu\r\n capai dimasa depan pasti mereka akan mendukung, selama kamu bisa \r\nmeyakinkan apabila sudah membuktikan dengan prestasi.. hehe</p>\r\n<p>&nbsp;</p>\r\n<p>Ikut-ikutan temen..</p>\r\n<p><a href="http://digidu.net/artikeldanberita/wp-content/uploads/2014/07/momma-and-baby-ducks.jpg"><img class="alignnone size-full wp-image-91" src="http://digidu.net/artikeldanberita/wp-content/uploads/2014/07/momma-and-baby-ducks.jpg" alt="ikut ikutan temen" height="2468" width="4232"></a></p>\r\n<p>Sumber Gambar:&nbsp;<a class="irc_hl irc_hol" style="color: #7d7d7d;" href="http://kingdomkidsnutrition.com/family-matters-monday-are-you-a-chicken-or-a-duck/" data-ved="0CAQQjB0"><span class="irc_ho" dir="ltr">kingdomkidsnutrition.com</span></a></p>\r\n<p>Mungkin di Indonesia itu generasi mudanya memiliki solidaritas \r\ntingkat tinggi bahkan sampai ke wc aja di anter-anter.. tapi kalau \r\nterkait kuliah mending kamu pikir ulang lagi deh sob.. tidak semua hal \r\nyang kamu senangi sama dengan yang teman kamu senangi juga.. bersahabat \r\nitu harus sampai kapanpun tapi jalan menapaki karirnya pasti tidak akan \r\nselalu sama dengan kamu. Ikuti kata hati kamu untuk menentukan jurusan \r\nyang ingin kamu kuasai dan tetap bersahabat dengan teman-temanmu justru \r\nkalau nanti reuni akan lebih asyik warna dalam bertukar pengalaman \r\nmasing-masing.</p>\r\n<p>&nbsp;</p>\r\n<p>Mengejar Gengsi</p>\r\n<p><a href="http://digidu.net/artikeldanberita/wp-content/uploads/2014/07/funny-baby-pictures-15.jpg"><img class="alignnone size-full wp-image-95" src="http://digidu.net/artikeldanberita/wp-content/uploads/2014/07/funny-baby-pictures-15.jpg" alt="gengsi" height="1066" width="1600"></a></p>\r\n<p>sumber gambar:&nbsp;<a class="irc_hl irc_hol" style="color: #7d7d7d;" href="http://www.walldesk-hd.com/funny-picture-09" data-ved="0CAQQjB0"><span class="irc_ho" dir="ltr">www.walldesk-hd.com</span></a></p>\r\n<p>Kelas 3 SMA/SMK pasti sudah ancang-ancang mau kuliah dimana dan \r\njurusan apa.. kita jarang sekali mengikuti kata hati tapi lebih mengejar\r\n gengsi mencari universitas dan jurusan favorit yang banyak diunggulkan,\r\n tanpa memperhitungkan kemampuan dan minat yang kita miliki, kalau masuk\r\n kamu pasti akan merasa berat ketika mempelajari ilmu yang pada \r\nhakikatnya bukan bidang yang kita inginkan, apalagi di universitas \r\ntertentu sangat ketat terhadap mahasiswanya terkait nilai, jadi \r\nhati-hati ya sob.. karena tidak sedikit yang malah memutuskan untuk DO \r\nkarena beban yang ditanggung dari tugas yang bejibun.. terus dosen yang \r\nkiller hehe..</p>\r\n<p>&nbsp;</p>\r\n<p>Terjerumus ke jurusan yang tidak diharapkan</p>\r\n<p><a href="http://digidu.net/artikeldanberita/wp-content/uploads/2014/07/childchoicedoordreamsrealitygirl-11d5bb7191b637428d0edb9e34935514_h.jpg"><img class="alignnone size-full wp-image-92" src="http://digidu.net/artikeldanberita/wp-content/uploads/2014/07/childchoicedoordreamsrealitygirl-11d5bb7191b637428d0edb9e34935514_h.jpg" alt="chioce" height="441" width="500"></a></p>\r\n<p>sumber gambar:&nbsp;<a class="irc_hl irc_hol" style="color: #7d7d7d;" href="https://dazedunconfused.wordpress.com/category/30-day-letter-challenge/" data-ved="0CAcQjB0"><span class="irc_ho" dir="ltr">dazedunconfused.wordpress.com</span></a></p>\r\n<p>Nah ini yang unik.. karena di Indonesia sistem masuk universitas bisa\r\n memberikan dua pilihan kadang kita menempatkan option yang kedua itu \r\ndengan jurusan pesaing yang sedikit sehingga mementingkan masuk \r\nuniversitas yang diinginkan.. ya kan ?. Atau tidak memperdulikan option \r\nyang kedua karena terlalu PD dengan option pertama. Tapi harus ingat sob\r\n itu tidak salah selama sesuai dengan apa yang kita harapkan tetapi \r\nkalau kita masuk kuliah hanya karena universitasnya mending di pikirkan \r\nlagi sob.. karena yang paling menentukan adalah jurusan yang kita ambil,\r\n kalau tidak sesuai kita tidak akan bisa belajar maksimal dan \r\nbenar-benar menjadi ahli karena bukan bidang yang kita minati.</p>\r\n<p>&nbsp;</p>\r\n<p>Oke sekian sharingnya untuk hari ini.. semoga sobat bisa mendapatkan \r\npandangan baru dan ga salah langkah dalam mengambil keputusan masuk \r\nperguruan tinggi. Kalau yang sudah masuk.. tetap semangat dan <em>be possitif</em>\r\n ya.. tidak perlu khawatir kesuksesan tidak 100% ditentukan oleh jurusan\r\n dan kampus kamu berasal tapi jawabannya ada didalam diri kamu sendiri. <i>Be Yourself and Be Freedom</i></p>\r\n<p><a href="http://digidu.net/artikeldanberita/wp-content/uploads/2014/07/big_thumb_57a933d7e6c9c206b45e4d3aa0319955.jpg"><img class="alignnone size-full wp-image-93" src="http://digidu.net/artikeldanberita/wp-content/uploads/2014/07/big_thumb_57a933d7e6c9c206b45e4d3aa0319955.jpg" alt="freedom" height="473" width="736"></a></p>\r\n<p>sumber gambar:&nbsp;<a class="irc_hl irc_hol" style="color: #7d7d7d;" href="http://www.wallpaperup.com/tags/show/freedom" data-ved="0CAQQjB0"><span class="irc_ho" dir="ltr">www.wallpaperup.com</span></a></p>', '2014-08-14 13:53:36', 'published', 'dilema-mahasiswa-yang-salah-masuk-jurusan'),
	(111, 1, 'ingin IQ meningkat ? yuk ikuti tipsnya.', '<p>1. Tarik Nafas Dalam-dalam.<br>\r\n<a href="http://digidu.net/artikeldanberita/wp-content/uploads/2014/07/iu_yoga1.jpg"><img class="alignnone size-full wp-image-99" src="http://digidu.net/artikeldanberita/wp-content/uploads/2014/07/iu_yoga1.jpg" alt="yoga" height="361" width="642"></a></p>\r\n<p>sumber gambar:&nbsp;<a class="irc_hl irc_hol" style="color: #7d7d7d;" href="http://asceacad.fr/en/les-sections/yoga/" data-href="http://asceacad.fr/en/les-sections/yoga/" data-ved="0CAQQjB0"><span class="irc_ho" dir="ltr">asceacad.fr</span></a><br>\r\nDengan bernafas melalui hidung anda bisa meningkatkan fungsi otak anda \r\ndengan cepat. Menarik nafas dalam-dalam memberikan asupan oksigen \r\nlebih&nbsp;banyak pada darah anda, dan tentunya pada otak anda. Tingkat \r\noksigen rendah pada darah anda akan mengurangi fungsi otak anda. Jika \r\nanda berminat, anda bisa mencoba melakukan olahraga pernafasan.</p>\r\n<p>2. Buatlah Jurnal.<br>\r\n<a href="http://digidu.net/artikeldanberita/wp-content/uploads/2014/07/Journal-Writing-Diary.jpg"><img style="width: 497.5px; height: 333.037px;" class="alignnone size-full wp-image-100" src="http://digidu.net/artikeldanberita/wp-content/uploads/2014/07/Journal-Writing-Diary.jpg" alt="Writing" height="567" width="847"></a></p>\r\n<p>sumber gambar:&nbsp;<a class="irc_hl irc_hol" style="color: #7d7d7d;" href="http://momitforward.com/journal-writing-9-tips-for-making-memories-last-a-lifetime" data-ved="0CAcQjB04Uw"><span class="irc_ho" dir="ltr">momitforward.com</span></a><br>\r\nCatharine M. Cox, seorang penulis buku, pernah mempelajari kebiasaan 300\r\n orang jenius – seperti Isaac Newton, Einstein, dan Thomas Jefferson – \r\ndan menemukan bahwa semua orang jenius tersebut merupakan penulis jurnal\r\n atau buku harian yang rajin. Juga, ingatlah bahwa Thomas Edison menulis\r\n 3 juta halaman catatan, surat, dan pemikiran pribadinya dalam ratusan \r\njurnal pribadi sepanjang hidupnya.</p>\r\n<p>3. Belajarlah Sebanyak Mungkin.<br>\r\n<a href="http://digidu.net/artikeldanberita/wp-content/uploads/2014/07/learn-everything-e28f7072986a7495c323ec36ecfffe23.jpg"><img class="alignnone size-full wp-image-101" src="http://digidu.net/artikeldanberita/wp-content/uploads/2014/07/learn-everything-e28f7072986a7495c323ec36ecfffe23.jpg" alt="learning everything" height="381" width="800"></a></p>\r\n<p>sumber gambar:&nbsp;<a class="irc_hl irc_hol" style="color: #7d7d7d;" href="http://www.palabea.com/" data-ved="0CAQQjB0"><span class="irc_ho" dir="ltr">www.palabea.com</span></a><br>\r\nKetika kita mempelajari hal-hal baru, kita menciptakan bagian aliran \r\narus syaraf baru dalam otak kita. Orang yang “pintar” adalah seseorang \r\nyang memiliki aliran arus lebih banyak dibandingkan dengan orang lain. \r\nOtak manusia akan menciptakan aliran arus syaraf dengan mempelajari \r\nhal-hal baru; dan semakin beragam hal yang dipelajari, semakin “pintar” \r\npula otak kita.</p>\r\n<p>4. Belajarlah Membaca Cepat.<br>\r\n<a href="http://digidu.net/artikeldanberita/wp-content/uploads/2014/07/speed-reading-chrome-extension.jpg"><img class="alignnone size-full wp-image-102" src="http://digidu.net/artikeldanberita/wp-content/uploads/2014/07/speed-reading-chrome-extension.jpg" alt="membaca cepat" height="400" width="620"></a></p>\r\n<p>sumber gambar:<a class="irc_hl irc_hol" style="color: #7d7d7d;" href="http://trendblog.net/read-articles-blog-posts-twice-fast-chrome-extension/" data-ved="0CAQQjB0"><span class="irc_ho" dir="ltr">trendblog.net</span></a><br>\r\nMembaca cepat merupakan teknik yang sangat mudah dipelajari yang akan \r\nmembantu anda memproses informasi tertulis dalam jumlah besar lebih \r\ncepat dan membantu anda mengingat informasi tersebut lebih baik \r\ndibandingkan dengan metode tradisional yang diajarkan di sekolah.</p>\r\n<p>Meskipun kebanyakan teknik membaca cepat mengajarkan anda cara untuk \r\nmenggerakkan mata anda dengan lebih cepat dalam setiap halaman yang anda\r\n baca, Photo Reading merupakan sistem membaca yang mengajarakan anda \r\nuntuk menggunakan pikiran sadar dan bawah sadar anda ketika membaca. \r\nPada dasarnya, Photo Reading dapat dilakukan dengan menggunakan beberapa\r\n bahan bacaan yang mudah dibaca dengan menerapkan beberapa teknik yang \r\nberbeda setiap waktu. Bahan pertama melibatkan pikiran sadar anda dan \r\nmenggunakan metode lain untuk meningkatkan daya ingat anda dan memahami \r\nmateri.</p>\r\n<p>5. Ambil Waktu Singkat untuk Beristirahat Secara Berkala.<br>\r\n<a href="http://digidu.net/artikeldanberita/wp-content/uploads/2014/07/tidur-sambil-dengar-musik.jpg"><img class="alignnone size-full wp-image-104" src="http://digidu.net/artikeldanberita/wp-content/uploads/2014/07/tidur-sambil-dengar-musik.jpg" alt="tidur-sambil-dengar-musik" height="350" width="565"></a></p>\r\n<p>sumber gambar:<a class="irc_hl irc_hol" href="http://tipseputarwanita.blogspot.com/2013/12/ini-akibat-bila-kurang-atau-kebanyakan.html" data-ved="0CAQQjB0"><span class="irc_ho" dir="ltr">tipseputarwanita.blogspot.com</span></a><br>\r\nBelajarlah selama 20 menit lalu ambil waktu untuk beristirahat secara \r\nsingkat. Metode ini efektif karena hal-hal yang anda pelajari pada awal \r\ndan akhir pada sesi belajar anda akan bertahan lebih lama dalam ingatan \r\nanda. Anda bisa mengunduh (download) Motivator Software secara cuma-cuma\r\n sehingga setiap 20 menit akan muncul pesan pada komputer anda yang \r\nmengingatkan anda untuk beristirahat.</p>', '2014-08-14 13:54:45', 'published', 'ingin-iq-meningkat-yuk-ikuti-tipsnya'),
	(112, 7, 'Ditemukan Planet Misterius', '<p><span style="color: #333333;">Sobat Eksplorasi alam semesta kembali \r\nmenemukan hal unik yang terdapat di luar tata surya kita. Sebuah planet \r\nsuper dingin dinyatakan sebagai planet dengan revolusi terlama yang \r\npernah ditemukan.</span><br style="color: #333333;"><br style="color: #333333;"><span style="color: #333333;">Para antariksawan asal Universitas Harvard,</span><span class="text_exposed_show" style="color: #333333;">&nbsp;Amerika\r\n Serikat, mengonfirmasi penemuan sebuah exoplanet baru atau planet di \r\nluar tata surya kita yang berjarak 1000 tahun cahaya dari bumi. Planet \r\nbernama Kepler-421b ini ditemukan menggunakan pesawat luar angkasa \r\nKepler milik NASA.</span></p>\r\n<p>Pemimpin penelitian ini, David Kipping, mengungkapkan bila \r\nKepler-421b merupakan planet gas raksasa yang berukuran mirip planet \r\nUranus, kemungkinan berdiameter sekitar 50.000 kilometer. Dibanding \r\ndengan Bumi, Kepler-421b terlihat hampir 4 kali lebih besar.</p>\r\n<p>Selain itu, satu tahun di Kepler-421b mencapai 704 hari, hampir dua \r\nkali masa revolusi Bumi. Hal ini disebabkan oleh jarak yang cukup jauh \r\nantara planet Kepler-421b dengan bintangnya Kepler-421. Oleh sebab itu, \r\nsuhu planet ini juga diperkirakan cukup dingin, yakni sekitar -93 \r\nderajat Celsius, Daily Mail (22/07).</p>\r\n<p>Suhu yang dingin juga diyakini disebabkan oleh dinginnya suhu sang \r\nbintang yang dikelilinginya. Berbeda dengan Matahari, bintang Kepler-421\r\n terlihat lebih redup dan dingin.</p>\r\n<p>Para antariksawan pun percaya bila planet Kepler-421b adalah planet \r\ngas pertama yang tidak berpindah mendekati bintangnya ketika masih muda.\r\n Padahal planet gas lain diketahui bergerak mendekati bintangnya ketika \r\nbaru terbentuk, seperti planet Jupiter dan Saturnus yang mendekati \r\nMatahari di awal terbentuknya tata surya kita.</p>\r\n<p><a href="http://digidu.net/artikeldanberita/wp-content/uploads/2014/07/10563054_1514587918759928_1475551183760267901_n.jpg"><img class="alignnone size-full wp-image-109" src="http://digidu.net/artikeldanberita/wp-content/uploads/2014/07/10563054_1514587918759928_1475551183760267901_n.jpg" alt="10563054_1514587918759928_1475551183760267901_n" height="260" width="518"></a></p>', '2014-08-14 13:56:28', 'published', 'ditemukan-planet-misterius'),
	(113, 1, 'Guys inilah 5 gejala penyakit yang terkadang sering diabaikan', '<p><span style="color: #333333;">Disadari atau tidak, terkadang Anda \r\nsering mengabaikan gejala penyakit yang timbul di dalam tubuh Anda. \r\nContohnya adalah sakit kepala atau sakit gigi. Anda cenderung tidak memp</span><span class="text_exposed_show" style="color: #333333;">erhatikannya hingga kemudian timbul menjadi penyakit yang berbahaya.</span></p>\r\n<p>Seperti dilansir dari healthmeup.com, inilah gejala penyakit yang sering Anda abaikan.</p>\r\n<p>1. Sakit kepala</p>\r\n<p><span class="text_exposed_show" style="color: #333333;"><a href="http://digidu.net/artikeldanberita/wp-content/uploads/2014/07/sakitkepala12.jpg"><img class="alignnone size-full wp-image-112" src="http://digidu.net/artikeldanberita/wp-content/uploads/2014/07/sakitkepala12.jpg" alt="sakitkepala12" height="246" width="618"></a><br>\r\nJika Anda sering mengalami sakit kepala secara tiba-tiba dan menyiksa, \r\nberhati-hatilah. Sakit kepala yang parah bisa menjadi tanda pembuluh \r\ndarah pecah di otak.</span></p>\r\n<p>2. Sakit gigi</p>\r\n<p><span class="text_exposed_show" style="color: #333333;"><a href="http://digidu.net/artikeldanberita/wp-content/uploads/2014/07/SAKIT-GIGI.jpg"><img class="alignnone size-full wp-image-113" src="http://digidu.net/artikeldanberita/wp-content/uploads/2014/07/SAKIT-GIGI.jpg" alt="SAKIT-GIGI" height="280" width="560"></a><br>\r\nSering merasa ngilu saat makan sesuatu yang dingin atau panas padahal \r\ngigi Anda bukanlah gigi sensitif? Biasa jadi telah terjadi kerusakan \r\nsaraf atau membusuknya gigi yang dapat menyebabkan kesehatan gigi Anda \r\nberkurang.</span></p>\r\n<p>3. Pertumbuhan rambut tubuh yang berlebihan pada wanita</p>\r\n<p><span class="text_exposed_show" style="color: #333333;"><a href="http://digidu.net/artikeldanberita/wp-content/uploads/2014/07/Whitney-Houston-9344818-1-402.jpg"><img class="alignnone size-full wp-image-114" src="http://digidu.net/artikeldanberita/wp-content/uploads/2014/07/Whitney-Houston-9344818-1-402.jpg" alt="rambut berlebih" height="300" width="460"></a><br>\r\nMempunyai rambut tubuh adalah hal yang normal. Namun apabila tumbuh \r\nsecara berlebihan dan kasar terutama di wajah, perut, atau dada pada \r\nwanita, hal ini bisa menjadi tanda Polikistik Ovarium Syndrome (PCOS).</span></p>\r\n<p>4. Penurunan berat badan mendadak</p>\r\n<p><span class="text_exposed_show" style="color: #333333;"><a href="http://digidu.net/artikeldanberita/wp-content/uploads/2014/07/167736_perut-ramping_663_382.jpg"><img class="alignnone size-full wp-image-115" src="http://digidu.net/artikeldanberita/wp-content/uploads/2014/07/167736_perut-ramping_663_382.jpg" alt="turun berat badan" height="339" width="620"></a><br>\r\nPenurunan berat badan memang disukai wanita. Namun waspadalah dengan \r\npenurunan berat badan yang mendadak padahal Anda sedang tidak diet atau \r\nberolahraga. Penurunan berat badan mendadak ini bisa menjadi tanda \r\npenyakit diabetes atau kekurangan gizi.</span></p>\r\n<p>5. Nyeri dada</p>\r\n<p><span class="text_exposed_show" style="color: #333333;"><a href="http://digidu.net/artikeldanberita/wp-content/uploads/2014/07/1023196-pasienjantungstroke-780x390.jpg"><img class="alignnone size-full wp-image-116" src="http://digidu.net/artikeldanberita/wp-content/uploads/2014/07/1023196-pasienjantungstroke-780x390.jpg" alt="sakit dada" height="390" width="780"></a><br>\r\nNyeri dada seringkali menjadi hal yang kurang Anda perhatikan. Namun \r\njika Anda mengalami rasa sakit di dada yang amat sangat, itu bisa \r\nmenjadi tanda serangan jantung.</span></p>\r\n<p>Sekecil apapun gangguan kesehatan yang terjadi pada tubuh Anda, \r\nsebaiknya jangan pernah Anda abaikan. Sebab gejala tersebut bisa \r\nberpotensi menjadi penyakit yang parah.</p>', '2014-08-14 13:56:59', 'published', 'guys-inilah-5-gejala-penyakit-yang-terkadang-sering-diabaikan'),
	(114, 1, 'Dampak Berbahaya Penggunaan Sosial Media yang Harus Kamu Tahu!!', '<p><span style="color: #333333;">Kita hidup di zaman ketika media sosial\r\n seperti Facebook, Twitter, YouTube, dan lainnya menjadi bagian dalam \r\nhidup. Bagi banyak orang, media sosial bahkan m</span><span class="text_exposed_show" style="color: #333333;">enjadi\r\n bagian penting yang tak hanya digunakan sebagai hiburan melainkan \r\nsebagai perpanjangan diri mereka untuk berbagi pikiran, kenangan, dan \r\nbahkan perasaan di dunia maya.</span></p>\r\n<p>Dengan peran yang cukup besar yang diberikan pada media baru ini, \r\nbanyak orang tak menyadari efek dari media sosial terhadap hidup mereka,\r\n salah satunya pada kesehatan mental. Telah banyak penelitian yang \r\nmengungkap kaitan antara media sosial dengan kesehatan mental.</p>\r\n<p>Berikut adalah beberapa cara media sosial bisa mempengaruhi dan \r\nmerusak kesehatan Anda, seperti dilansir oleh Health Me Up (18/06).</p>\r\n<p>1. Merasa selalu kekurangan</p>\r\n<p><span class="text_exposed_show" style="color: #333333;"><a href="http://digidu.net/artikeldanberita/wp-content/uploads/2014/07/Orang-Obesitas-Cenderung-Makan-Rakus-Ini-Sebabnya.jpg"><img class="alignnone size-full wp-image-119" src="http://digidu.net/artikeldanberita/wp-content/uploads/2014/07/Orang-Obesitas-Cenderung-Makan-Rakus-Ini-Sebabnya.jpg" alt="tidak pernah puas" height="282" width="598"></a><br>\r\nMedia sosial bisa menjadi ajang pamer bagi penggunanya. Secara tak sadar\r\n kadang Anda juga pasti akan membanding-bandingkan diri dengan citra \r\nyang dibuat teman Anda di media sosialnya. Melihat orang lain lebih \r\nbahagia dan sukses dengan hidupnya bisa membuat Anda merasa serba \r\nkekurangan dan tidak sebaik mereka. Penelitian mengungkap bahwa sering \r\nmembandingkan diri dengan teman di media sosial akan menyebabkan \r\nruntuhnya rasa percaya diri dan tak jarang menyebabkan stres atau \r\ndepresi.</span></p>\r\n<p>2. FOMO</p>\r\n<p><span class="text_exposed_show" style="color: #333333;"><a href="http://digidu.net/artikeldanberita/wp-content/uploads/2014/07/kecanduan-internet.jpg"><img class="alignnone size-full wp-image-120" src="http://digidu.net/artikeldanberita/wp-content/uploads/2014/07/kecanduan-internet.jpg" alt="kecanduan-internet" height="270" width="540"></a><br>\r\nFOMO (Fears of Missing Out) adalah salah satu efek dari seringnya \r\nmenggunakan media sosial. FOMO merupakan istilah yang digunakan untuk \r\nmenyebut ketakutan akan ketinggalan informasi atau kesempatan \r\nberinteraksi. Media sosial memberikan akses yang terbuka untuk interaksi\r\n dengan banyak orang. Namun ketika penggunaan dan perannya berlebihan, \r\nseseorang akan merasa terikat dengan media sosial karena takut \r\nmelewatkan kesempatan berinteraksi dengan temannya. Tak heran jika \r\nbanyak orang yang merasa ‘menempel’ pada media sosialnya dan merasa tak \r\nnyaman jika tak mengecek media sosial setiap jam.</span></p>\r\n<p>3. Takut sendirian</p>\r\n<p><span class="text_exposed_show" style="color: #333333;"><a href="http://digidu.net/artikeldanberita/wp-content/uploads/2014/07/lonely.jpg"><img class="alignnone size-full wp-image-121" src="http://digidu.net/artikeldanberita/wp-content/uploads/2014/07/lonely.jpg" alt="lonely" height="388" width="678"></a><br>\r\nSetelah menghabiskan banyak waktunya di media sosial, seseorang akan \r\nmerasa kesepian. Media sosial menawarkan interaksi yang tak terbatas. \r\nAktif di media sosial seolah membuat Anda tak pernah sendirian dan \r\nselalu dikelilingi oleh orang yang ‘memperhatikan’ Anda. Karena itu, \r\nterlalu banyak menggunakan media sosial akan memicu rasa takut \r\nsendirian. Anda akan mulai sulit menghabiskan waktu sendiri dan takut \r\nmerasa sendirian.</span></p>\r\n<p>4. Terlepas dari kehidupan nyata</p>\r\n<p><span class="text_exposed_show" style="color: #333333;"><a href="http://digidu.net/artikeldanberita/wp-content/uploads/2014/07/copy-of-slide66.jpg"><img class="alignnone size-full wp-image-122" src="http://digidu.net/artikeldanberita/wp-content/uploads/2014/07/copy-of-slide66.jpg" alt="digital era" height="258" width="714"></a><br>\r\nBanyak orang yang menggunakan identitas mereka di dunia maya dan media \r\nsosial sebagai gambaran yang ideal akan diri mereka dan kehidupan \r\nmereka. Tak jarang mereka memberikan banyak usaha pada profil di dunia \r\nmaya hingga mereka sendiri terasing dari kehidupan mereka yang \r\nsesungguhnya. Orang-orang semacam ini biasanya kesulitan untuk \r\nberinteraksi secara langsung di dunia nyata. Mereka akan merasa canggung\r\n dan cemas, namun akan menjadi sangat nyaman ketika berinteraksi di \r\ndunia maya.</span></p>\r\n<p>5. Kecanduan</p>\r\n<p><span class="text_exposed_show" style="color: #333333;"><a href="http://digidu.net/artikeldanberita/wp-content/uploads/2014/07/dampak-kecanduan-inet.jpg"><img class="alignnone size-full wp-image-123" src="http://digidu.net/artikeldanberita/wp-content/uploads/2014/07/dampak-kecanduan-inet.jpg" alt="kecanduan internet" height="240" width="400"></a><br>\r\nSemua masalah di atas pada akhirnya akan mengerucut pada satu masalah \r\nyang paling berbahaya, yaitu kecanduan media sosial. Keinginan kita \r\nuntuk terus log in dan menggunakan media sosial pada akhirnya akan \r\nmemicu titik pada otak yang berkaitan dengan kecanduan. Tanpa di sadari \r\nAnda akhirnya akan menjadi kecanduan dan memiliki ketergantungan untuk \r\nterus menggunakan media sosial.</span></p>\r\n<p>Itulah beberapa masalah psikologis dan kesehatan mental yang bisa \r\ndisebabkan oleh media sosial. Gunakan media sosial secara secukupnya dan\r\n sesuai kebutuhan Anda. Jangan sampai kegiatan di media sosial justru \r\nlebih banyak mengonsumsi waktu Anda dibandingkan dengan kepentingan di \r\ndunia nyata. Ada banyak aktivitas lain yang lebih berguna dibanding \r\ndengan ‘nongkrong’ tanpa tujuan di media sosial</p>', '2014-08-14 13:57:29', 'published', 'dampak-berbahaya-penggunaan-sosial-media-yang-harus-kamu-tahu'),
	(115, 1, '5 Tips agar Otak Kita Semakin Cerdas', '<p><span style="color: #333333;">Ketajaman otak seringkali menurun \r\nseiring dengan bertambahnya usia. Ini sebenarnya dialami oleh banyak \r\norang. Namun tentunya Anda tak ingin mengalami penurunan kemampuan otak \r\nsaat menua, bukan? Berdasarkan HealthF</span><span class="text_exposed_show" style="color: #333333;">ocus\r\n International, 85 persen orang dewasa berusia di atas 50 tahun \r\nbermasalah dengan ketajaman otak, sementara 70 persen khawatir dengan \r\npenyakit otak seperti Alzheimer atau demensia.</span></p>\r\n<p>Untuk menjaga ketajaman otak, tak harus menunggu tua. Anda harus \r\nmenjaga kesehatan dan kemampuan otak sejak muda. Berikut adalah beberapa\r\n hal yang bisa dilakukan jika Anda ingin menghindari berbagai masalah \r\nyang berkaitan dengan kemampuan otak di usia senja, seperti dilansir \r\noleh App for Health (27/04).</p>\r\n<p>1. Lebih banyak konsumsi omega-3</p>\r\n<p><span class="text_exposed_show" style="color: #333333;"><a href="http://digidu.net/artikeldanberita/wp-content/uploads/2014/07/Omega3.jpg"><img class="alignnone size-full wp-image-127" src="http://digidu.net/artikeldanberita/wp-content/uploads/2014/07/Omega3.jpg" alt="omega 3" height="565" width="849"></a></span></p>\r\n<p><span class="text_exposed_show" style="color: #333333;">sumber gambar:&nbsp;<a class="irc_hl irc_hol" style="color: #7d7d7d;" href="http://bfitlosangeles.com/omega-3/" data-ved="0CAQQjB0"><span class="irc_ho" dir="ltr">bfitlosangeles.com</span></a><br>\r\nAsam lemak omega-3 terdiri atas EPA dan DHA yang bisa didapatkan melalui\r\n ikan dan makanan laut atau suplemen. Sebuah penelitian tahun 2014 \r\nmengungkap bahwa orang yang kekurangan EPA dan DHA akan mengalami \r\npenurunan kemampuan mental dan ingatan dua tahun lebih cepat, \r\ndibandingkan orang yang mengonsumsi cukup EPA dan DHA. EPA dan DHA bisa \r\ndidapatkan melalui asam lemak ikan seperti salmon, sarden, dan makarel.</span></p>\r\n<p>2. Lemak sehat</p>\r\n<p><span class="text_exposed_show" style="color: #333333;"><a href="http://digidu.net/artikeldanberita/wp-content/uploads/2014/07/Sumber-Lemak-Sehat.png"><img class="alignnone size-full wp-image-128" src="http://digidu.net/artikeldanberita/wp-content/uploads/2014/07/Sumber-Lemak-Sehat.png" alt="Sumber Lemak Sehat" height="327" width="490"></a></span></p>\r\n<p><span class="text_exposed_show" style="color: #333333;">sumber gambar:&nbsp;<a class="irc_hl irc_hol" style="color: #7d7d7d;" href="http://www.dietsehatcantik.com/2014/03/6-menu-makanan-sehat-mengandung-lemak-sehat.html" data-ved="0CAQQjB0"><span class="irc_ho" dir="ltr">www.dietsehatcantik.com</span></a><br>\r\nPeneliti mengungkap bahwa diet mediteranian adalah yang paling baik \r\nuntuk menjaga kesehatan otak. Diet mediterania melibatkan banyak lemak \r\nsehat yang didapatkan dari tumbuhan dan minyak seperti minyak zaitun. \r\nSelain itu, diet ini membantu Anda menghindari daging merah, produk \r\nsusu, dan gula yang bisa memberikan efek negatif pada otak.</span></p>\r\n<p>3. Tingkatkan antioksidan</p>\r\n<p><span class="text_exposed_show" style="color: #333333;"><a href="http://digidu.net/artikeldanberita/wp-content/uploads/2014/07/Telur+II.jpg"><img class="alignnone size-full wp-image-129" src="http://digidu.net/artikeldanberita/wp-content/uploads/2014/07/Telur+II.jpg" alt="Telur+II" height="373" width="673"></a></span></p>\r\n<p><span class="text_exposed_show" style="color: #333333;">sumber gambar:&nbsp;<a class="irc_hl irc_hol" style="color: #7d7d7d;" href="http://health.liputan6.com/read/2018002/telur-bisa-jadi-pengobat-pikun" data-ved="0CAQQjB0"><span class="irc_ho" dir="ltr">health.liputan6.com</span></a><br>\r\nMengonsumsi makanan yang kaya antioksidan juga membantu meningkatkan \r\nkesehatan otak dan daya ingat. Beberapa makanan yang kaya antioksidan \r\nantara lain buah berry, kacang, buah, sayur, kopi, dan teh. Karena \r\nantioksidan seringkali melewati aliran darah dengan cepat dan \r\nmeninggalkan tubuh, maka Anda harus lebih banyak mengonsumsi makanan \r\nyang kaya antioksidan, termasuk ketika ngemil atau makan.</span></p>\r\n<p>4. Perhatikan berat badan</p>\r\n<p><span class="text_exposed_show" style="color: #333333;"><a href="http://digidu.net/artikeldanberita/wp-content/uploads/2014/07/perhatikan-porsi-makan.jpg"><img class="alignnone size-full wp-image-130" src="http://digidu.net/artikeldanberita/wp-content/uploads/2014/07/perhatikan-porsi-makan.jpg" alt="perhatikan-porsi-makan" height="332" width="664"></a></span></p>\r\n<p><span class="text_exposed_show" style="color: #333333;">sumber gambar:&nbsp;<a class="irc_hl irc_hol" style="color: #7d7d7d;" href="http://www.caradiet123.com/perhatikan-porsi-makan/" data-ved="0CAQQjB0"><span class="irc_ho" dir="ltr">www.caradiet123.com</span></a><br>\r\nAnda mungkin berpikir bahwa berat badan dan otak tak saling \r\nmempengaruhi. Ini adalah anggapan yang salah. Beberapa penelitian \r\nmembuktikan bahwa berat badan juga berpengaruh terhadap fungsi otak dan \r\ndaya ingat. Kelebihan berat badan bisa menyebabkan penurunan kemampuan \r\nkognitif dan daya ingat yang menurun. Sebuah penelitian bahkan \r\nmengungkap bahwa lingkar pinggang yang terlalu lebar bisa meningkatkan \r\nrisiko demensia di usia tua hingga dua kali lipat.</span></p>\r\n<p>5. Tingkatkan aktivitas</p>\r\n<p><span class="text_exposed_show" style="color: #333333;"><a href="http://digidu.net/artikeldanberita/wp-content/uploads/2014/07/imageBlog.jpg"><img class="alignnone size-full wp-image-131" src="http://digidu.net/artikeldanberita/wp-content/uploads/2014/07/imageBlog.jpg" alt="aktifitas" height="535" width="827"></a></span></p>\r\n<p><span class="text_exposed_show" style="color: #333333;">sumber gambar:&nbsp;<a class="irc_hl irc_hol" style="color: #7d7d7d;" href="http://www.citacinta.com/dunia.kerja/karier/5.cara.tingkatkan.produktivitas.kerja/003/002/605" data-ved="0CAQQjB0"><span class="irc_ho" dir="ltr">www.citacinta.com</span></a><br>\r\nGaya hidup yang aktif tak hanya berpengaruh pada kebugaran tubuh, tetapi\r\n juga kesehatan otak. Sudah banyak penelitian yang menemukan bahwa \r\nmanula yang memiliki gaya hidup aktif berkemungkinan lebih kecil untuk \r\nterkena demensia. Mereka juga memiliki kemampuan otak yang lebih cepat \r\ndan daya ingat yang lebih baik daripada orang dewasa yang memiliki gaya \r\nhidup pasif dan jarang berolahraga.</span></p>\r\nItulah beberapa cara yang bisa dilakukan untuk menjaga kesehatan otak\r\n agar tetap tajam. Lakukan hal-hal di atas agar daya ingat tetap \r\nmaksimal dan terhindar dari berbagai macam penyakit otak', '2014-08-14 13:58:07', 'published', '5-tips-agar-otak-kita-semakin-cerdas'),
	(118, 1, 'Dampak Positif dan Negatif Internet', '<p><span style="color: #55656f;">Guys Interconnection network (internet)\r\n adalah sistem global dari seluruh jaringan komputer yang saling \r\nterhubung. Internet berasal dari bahasa latin “inter” yang berarti \r\n“antara”. Internet merupakan jaringan yang terdiri dari milyaran \r\nkomputer yang ada di seluruh dunia dan banyak digunakan oleh semua \r\norang&nbsp;di dunia.</span></p>\r\n<p><span style="color: #55656f;">Dengan seiringnya waktu internet telah \r\nmemberikan kontribusi dan andil yang sangat besar bagi perkembangan \r\ndunia. Kehadiran internet telah menghapus batas dan jarak terhadap akses\r\n informasi. Namun bagaimanapun juga, perkembangan internet bisa memberi \r\ndampak positif (baik) dan negatif (buruk) . Di bawah ini adalah beberapa\r\n dapat baik dan buruk terhadap kehadiran internet.</span></p>\r\n<p>Dampak Positif :</p>\r\n<p><span style="color: #333333;">1.&nbsp;</span><span style="color: #333333;">Internet sebagai media komunikasi&nbsp;</span></p>\r\n<p><span style="color: #333333;">Merupakan fungsi internet yang paling \r\nbanyak digunakan dimana setiap pengguna internet dapat berkomunikasi \r\ndengan pengguna lainnya dari seluruh dunia.</span></p>\r\n<p><a href="http://digidu.net/artikeldanberita/wp-content/uploads/2014/07/social-media-500x272.jpg"><img class="size-full wp-image-175 aligncenter" src="http://digidu.net/artikeldanberita/wp-content/uploads/2014/07/social-media-500x272.jpg" alt="social-media-500x272" data-wp-pid="175" height="272" width="500"></a>sumber gambar :&nbsp;talov.org</p>\r\n<p><span style="color: #333333;">2.&nbsp;Internet sebagai media pertukaran data</span><br style="color: #333333;"><span style="color: #333333;">Dengan\r\n adanya email, newsgroup, ftp dan www (world wide web : jaringan \r\nsitus-situs web) para pengguna internet di seluruh dunia dapat \r\nmenggunakan internet untuk saling bertukar informasi dengan cepat dan \r\nmurah.</span></p>\r\n<p><a href="http://digidu.net/artikeldanberita/wp-content/uploads/2014/07/email_logo1.jpg"><img class="aligncenter wp-image-176 " src="http://digidu.net/artikeldanberita/wp-content/uploads/2014/07/email_logo1-258x300.jpg" alt="email_logo1" data-wp-pid="176" height="336" width="289"></a></p>\r\n<p>sumber gambar :&nbsp;2.bp.blogspot.com</p>\r\n<p>3.&nbsp;Internet sebagai media pencari data atau informasi</p>\r\n<p><span style="color: #333333;">Degan perkembangan internet yang sangat\r\n pesat, menjadikan www sebagai salah satu sumber informasi yang penting \r\ndan akurat. Yang dapat kita gunakan untuk mencari data atau informasi \r\nyang kita butuhkan.</span></p>\r\n<p><a href="http://digidu.net/artikeldanberita/wp-content/uploads/2014/07/Internet1.jpg"><img class="aligncenter wp-image-177 " src="http://digidu.net/artikeldanberita/wp-content/uploads/2014/07/Internet1-300x241.jpg" alt="Internet1" data-wp-pid="177" height="323" width="402"></a></p>\r\n<p>sumber gambar :&nbsp;upload.wikimedia.org</p>\r\n<p><span style="color: #333333;">4.&nbsp;</span><span style="color: #333333;">Kemudahan memperoleh informasi</span><br style="color: #333333;"><span style="color: #333333;">Kemudahan\r\n untuk memperoleh informasi yang ada di internet banyak membantu manusia\r\n sehingga manusia tahu apa saja yang terjadi. Selain itu internet juga \r\nbisa digunakan sebagai lahan informasi untuk bidang pendidikan, \r\nkebudayaan, dan lain-lain.</span></p>\r\n<p style="text-align: center;"><a href="http://digidu.net/artikeldanberita/wp-content/uploads/2014/07/manfaat-internet.jpg"><img class="alignnone  wp-image-178" src="http://digidu.net/artikeldanberita/wp-content/uploads/2014/07/manfaat-internet.jpg" alt="manfaat-internet" data-wp-pid="178" height="324" width="500"></a></p>\r\n<p>sumber gambar :&nbsp;pacarita.com</p>\r\n<p><span style="color: #333333;">6.&nbsp;</span><span style="color: #333333;">Kemudahan bertransaksi dan berbisnis dalam bidang perdagangan&nbsp;</span><br style="color: #333333;"><span style="color: #333333;">Dengan\r\n kemudahan ini, membuat kita tidak perlu pergi menuju ke tempat \r\npenawaran/penjualan karena dapat di lakukan lewat internet. Dan hal \r\ninilah yang mendorong&nbsp;munculnya berbagai jual beli online.</span></p>\r\n<p><a href="http://digidu.net/artikeldanberita/wp-content/uploads/2014/07/Cara-Bisnis-Online-20141.jpg"><img class=" wp-image-180 aligncenter" src="http://digidu.net/artikeldanberita/wp-content/uploads/2014/07/Cara-Bisnis-Online-20141.jpg" alt="Cara-Bisnis-Online-2014" data-wp-pid="180" height="367" width="631"></a>&nbsp;sumber gambar :&nbsp;www.kamarusaha.com</p>\r\n<p>Dampak Negatif :</p>\r\n<p><span style="color: #333333;">1. Pornografi</span><br style="color: #333333;"><span style="color: #333333;">Anggapan\r\n yang mengatakan bahwa internet identik dengan pornografi, memang tidak \r\nsalah. Dengan kemampuan penyampaian informasi yang dimiliki internet, \r\npornografi pun merajalela.Untuk mengantisipasi hal ini, para produsen \r\nbrowser melengkapi program mereka dengan kemampuan untuk memilih jenis \r\nhome-page yang dapat di-akses.Di internet terdapat gambar-gambar \r\npornografi dan kekerasan yang bisa mengakibatkan dorongan kepada \r\nseseorang untuk bertindak kriminal.</span></p>\r\n<p><a href="http://digidu.net/artikeldanberita/wp-content/uploads/2014/07/pornografi.jpg"><img class="size-full wp-image-181 aligncenter" src="http://digidu.net/artikeldanberita/wp-content/uploads/2014/07/pornografi.jpg" alt="pornografi" data-wp-pid="181" height="320" width="306"></a></p>\r\n<p>sumber gambar :1.bp.blogspot.com</p>\r\n<p><span style="color: #333333;">2. Violence and Gore</span><br style="color: #333333;"><span style="color: #333333;">Kekejaman\r\n dan kesadisan juga banyak ditampilkan. Karena segi bisnis dan isi pada \r\ndunia internet tidak terbatas, maka para pemilik situs menggunakan \r\nsegala macam cara agar dapat menjual situs mereka. Salah satunya dengan \r\nmenampilkan hal-hal yang bersifat tabu.</span></p>\r\n<p><a href="http://digidu.net/artikeldanberita/wp-content/uploads/2014/07/kaget.jpg"><img class="wp-image-182 aligncenter" src="http://digidu.net/artikeldanberita/wp-content/uploads/2014/07/kaget.jpg" alt="kaget" data-wp-pid="182" height="288" width="464"></a>sumber gambar :&nbsp;www.chicmagz.com</p>\r\n<p><span style="color: #333333;">3.</span><span style="color: #333333;">&nbsp;Penipuan</span><br style="color: #333333;"><span style="color: #333333;">Hal\r\n ini memang merajalela di bidang manapun. Internet pun tidak luput dari \r\nserangan penipu. Cara yang terbaik adalah tidak mengindahkan hal ini \r\natau mengkonfirmasi informasi yang Anda dapatkan pada penyedia informasi\r\n tersebut.</span></p>\r\n<p><img class="size-full wp-image-183 aligncenter" src="http://digidu.net/artikeldanberita/wp-content/uploads/2014/07/penipuan-di-internet.jpg" alt="penipuan-di-internet" data-wp-pid="183" height="300" width="560">sumber gambar :&nbsp;www.usahadirumah.com</p>\r\n<p><span style="color: #333333;">4. Carding</span><br style="color: #333333;"><span style="color: #333333;">Karena\r\n sifatnya yang real time(langsung), cara belanja dengan menggunakan \r\nKartu kredit adalah carayang paling banyak digunakan dalam dunia \r\ninternet. Para penjahat internet pun paling banyak melakukan kejahatan \r\ndalam bidang ini. Dengan sifat yang terbuka, para penjahat mampu \r\nmendeteksi adanya transaksi (yang menggunakan Kartu Kredit) on-line dan \r\nmencatat kode Kartu yang digunakan. Untuk selanjutnya mereka menggunakan\r\n data yang mereka dapatkan untuk kepentingan kejahatan mereka.</span></p>\r\n<p><a href="http://digidu.net/artikeldanberita/wp-content/uploads/2014/07/carding-1.jpg"><img class="wp-image-184 aligncenter" src="http://digidu.net/artikeldanberita/wp-content/uploads/2014/07/carding-1.jpg" alt="carding-1" data-wp-pid="184" height="250" width="500"></a>sumber gambar :&nbsp;4.bp.blogspot.com<a href="http://digidu.net/artikeldanberita/wp-content/uploads/2014/07/penipuan-di-internet.jpg"><br>\r\n</a><span style="color: #333333;">5. Perjudian</span><br style="color: #333333;"><span style="color: #333333;">Dampak\r\n lainnya adalah meluasnya perjudian. Dengan jaringan yang tersedia, para\r\n penjudi tidak perlu pergi ke tempat khusus untuk memenuhi keinginannya.\r\n Anda hanya perlu menghindari situs seperti ini, karena umumnya situs \r\nperjudian tidak agresif dan memerlukan banyak persetujuan dari \r\npengunjungnya.</span></p>\r\n<p><img class="wp-image-186 aligncenter" src="http://digidu.net/artikeldanberita/wp-content/uploads/2014/07/poker_.jpg" alt="poker_" data-wp-pid="186" height="275" width="441"></p>\r\n<p>sumber gambar :&nbsp;www.wallgiv.com</p>', '2014-08-14 14:01:42', 'published', 'dampak-positif-dan-negatif-internet'),
	(119, 1, 'Terlalu Sering di Ruangan Ber-AC Ternyata BERBAHAYA', '<img src="http://digidu.net/artikeldanberita/wp-content/uploads/2014/07/ini-5-bahaya-kesehatan-terlalu-sering-berada-di-ruangan-ber-ac.jpg" style="width: 670px;"><br>Di zaman yang semakin maju manusia berinteraksi dan menyampai gagasan\r\n serta pemikiran tidak perlu mengeluarkan tenaga dan biaya ekstra.&nbsp; \r\nKemajuan teknologi saat ini memudahkan organisasi terselubung yang \r\nmemilliki tujuan tertentu untuk menyampaikan suatu opini yang sebenarnya\r\n lebih mendukung kepada propaganda mereka dan lebih parahnya tanpa \r\nmemperhatikan dampak yang ditimbulkan.\r\n<p>Tidak hanya itu organisasi-organisasi yang memiliki media bahkan \r\ncenderung memutar balikan fakta, benar-benar ironis media berita contoh \r\nyang seharusnya memaparkan kebenaran malah menjadi alat kepentingan \r\npolitik dan bersyukur kita bisa melihat dengan jelas kebusukan mereka \r\nmelalui pemilihan presiden dengan media pendukung calon presiden kedua \r\nkubu masing-masing. Disini terlihat jelas bahwa mereka benar-benar sudah\r\n tidak memperdulikan fakta dan kebenaran selama tidak ada kaitannya bagi\r\n keuntungan mereka.</p>\r\n<p>Maka tidak salah bisnis dibidang media merupakan ranah yang sangat \r\nstrategis untuk menyampaikan gagasan dan pemikiran. Untuk melakukan itu \r\ntentu harus menjaring masa dan penonton setia dengan acara-acara hiburan\r\n serta sinetron yang dikemas secara menarik dan kreatif walaupun \r\nsebenarnya di Indonesia banyak acara yang justru jauh dari nilai positif\r\n cenderung hanya hiburan saja yang kadang malah banyak hal negatif yang \r\ndipertontonkan, acara sinetron yang jauh dari realitas dan berlebihan \r\nalias lebay.</p>\r\n<p>Lebih parah lagi ya guys.. coba kamu perhatikan berita ataupun \r\nartikel yang tersebar mungkin di wall facebook kalian ataupun twitter, \r\npasti kebanyakan yang berkaitan dengan unsur negatif seperti \r\n“membicarakan kejelekan seserorang&nbsp; atau tokoh” dan yang paling parah \r\nadalah ngomongin kejelekan calon presiden sehingga pada ribut dan saling\r\n nge-<em>bully</em>&nbsp; di sosial media, penting gak sih?? Tidak hanya itu \r\nberita mengenai perbedaan, perpecahan, peperangan, pembunuhan, \r\npemerkosaan, dll. Ini benar-benar membawa masyarakat kedalam pusaran \r\nkonflik berkepanjangan yang bukannya membuat kita semakin solid malah \r\nmenjadi terpecah belah.</p>\r\n<p>Kita menjadi generasi muda &nbsp;yang kebanyakan tidak bangga dengan \r\nnegaranya sendiri dan menjadi generasi pesimis akan indonesia yang bisa \r\nmaju dan bangkit, kenapa?? Karena pikiran kita sudah terlalu banyak \r\ndimasukin berita-berita negatif mengenai negeri ini, prilaku negatif \r\nyang dipertontonkan oleh sinetron, dan banyak hal yang <em>oh my god </em>apakah\r\n industri media kehabisan ide untuk acara-acara yang lebih berbobot dan \r\nberkelas?. Guys bukan tidak boleh menyajikan fakta keburukan tapi \r\nsetidaknya media juga harus memperlihatkan <a href="http://digidu.net/artikeldanberita/wp-content/uploads/2014/07/anak21.jpg"></a>&nbsp;</p>', '2014-08-14 14:06:30', 'published', 'terlalu-sering-di-ruangan-ber-ac-ternyata-berbahaya-1'),
	(120, 1, 'Kurikulum Pendidikan Berkarakter', '<h2 style="color: #333333;">Apa itu Karakter ?</h2>\r\n<p><a href="http://digidu.net/artikeldanberita/wp-content/uploads/2014/08/karakter_4.jpg"><img class="size-full wp-image-233 aligncenter" src="http://digidu.net/artikeldanberita/wp-content/uploads/2014/08/karakter_4.jpg" alt="karakter_4" data-wp-pid="233" height="533" width="1023"></a></p>\r\n<p style="color: #333333;">sumber gambar :&nbsp;aprilyantokusuma.files.wordpress.com</p>\r\n<p style="color: #333333;">Sobat Dennis Coon dalam bukunya Introduction \r\nto Psychology : Exploration and Aplication mendefinisikan karakter \r\nsebagai suatu penilaian subyektif terhadap kepribadian seseorang yang \r\nberkaitan dengan atribut kepribadian yang dapat atau tidak dapat \r\nditerima oleh masyarakat. Karakter adalah jawaban mutlak untuk \r\nmenciptakan kehidupan yang lebih baik didalam masyarakat.</p>\r\n<p style="color: #333333;">\r\n</p><h2 style="color: #333333;">Apa bedanya Karakter dan Kepribadian (Sifat Dasar) ?</h2>\r\n<p><a href="http://digidu.net/artikeldanberita/wp-content/uploads/2014/08/watak-Children_Logo.jpg"><img class="size-full wp-image-234 aligncenter" src="http://digidu.net/artikeldanberita/wp-content/uploads/2014/08/watak-Children_Logo.jpg" alt="watak Children_Logo" data-wp-pid="234" height="827" width="831"></a></p>\r\n<p style="color: #333333;">sumber gambar : bp.blogspot.com</p>\r\n<p style="color: #333333;">Kepribadian adalah hadiah dari Tuhan Sang \r\nPencipta saat manusia dilahirkan dan setiap orang yang memiliki \r\nkepribadian pasti ada kelemahannya dan kelebihannya di aspek kehidupan \r\nsosial dan masing-masing pribadi. Kepribadian manusia secara umum ada 4,\r\n yaitu : Koleris – Sanguinis – Phlegmatis – Melankolis.</p>\r\n<p style="color: #333333;">Nah, Karakternya dimana? Saat setiap manusia \r\nbelajar untuk mengatasi dan memperbaiki kelemahannya, serta memunculkan \r\nkebiasaan positif yang baru, inilah yang disebut dengan Karakter. \r\nMisalnya, seorang dengan kepribadian Sanguin yang sangat suka bercanda \r\ndan terkesan tidak serius, lalu sadar dan belajar sehingga mampu membawa\r\n dirinya untuk bersikap serius dalam situasi yang membutuhkan ketenangan\r\n dan perhatian fokus, itulah Karakter.</p>\r\n<p style="color: #333333;">\r\n</p><h2 style="color: #333333;">Mengapa Seorang Anak Butuh Pendidikan Karakter?</h2>\r\n<p><a href="http://digidu.net/artikeldanberita/wp-content/uploads/2014/08/bb35219a079923a9353e43348b3e0665.jpg"><img class="size-full wp-image-235 aligncenter" src="http://digidu.net/artikeldanberita/wp-content/uploads/2014/08/bb35219a079923a9353e43348b3e0665.jpg" alt="bb35219a079923a9353e43348b3e0665" data-wp-pid="235" height="465" width="592"></a></p>\r\n<p style="color: #333333;">sumber gambar : www.kesaintblanc.co.id</p>\r\n<p style="color: #333333;">Pada dasarnya, pada perkembangan seorang anak\r\n adalah mengembangkan pemahaman yang benar tentang bagaimana dunia ini \r\nbekerja, mempelajari ”aturan main” segala aspek yang &nbsp;ada di dunia ini .\r\n Anak-anak akan tumbuh menjadi pribadi yang berkarakter apabila dapat \r\ntumbuh pada lingkungan yang berkarakter.</p>\r\n<p style="color: #333333;">\r\n</p><h2 style="color: #333333;">Karakter apa yang perlu ditumbuhkan dan dibentuk dalam diri anak?</h2>\r\n<ol style="color: #333333;"><li>Karakter cinta Tuhan dan segenap ciptaan-Nya</li><li>Kemandirian dan Tanggung Jawab</li><li>Kejujuran atau Amanah, Diplomatis</li><li>Hormat dan Santun</li><li>Dermawan, Suka Tolong Menolong &amp; Gotong Royong</li><li>Percaya Diri dan Pekerja Cerdas</li><li>Kepemimpinan dan Keadilan</li><li>Baik dan Rendah Hati</li><li>Karakter Toleransi, Kedamaian dan Kesatuan.</li></ol>', '2014-08-14 14:07:58', 'published', 'kurikulum-pendidikan-berkarakter'),
	(121, 1, 'Tes Tingkat Kecanduan Internet', '<img src="http://digidu.net/artikeldanberita/wp-content/uploads/2014/08/url_zps67de367d.jpg" style="width: 403px;"><br><p style="color: #555555;">sumber gambar : photobucket.com</p>\r\n<p style="color: #555555;">Hai guys sehari berapa jam anda&nbsp;online ? \r\nApakah lebih dari 4 atau 6 jam ? Apakah anda&nbsp;pernah merasa kalau kalian \r\nkecanduan internet ? Untuk mengetahuinya yuk kita ikuti tes di bawah ini</p>\r\n<p style="color: #555555;">Tes ini berupa pertanyaan yang narablog \r\nadaptasi dari nettadiction&nbsp;. Tes yang terdiri dari 20 pertanyaan ini \r\nmerupakan tes penggunaan internet adiktif pertama yang telah divalidasi \r\ndan terpercaya, yang dibuat oleh Dr. Kimberly Young.</p>\r\n<p style="color: #555555;">Untuk mengetahui tingkat kecanduan Internet \r\nAnda, silakan menjawab ke 20 pertanyaan berikut dan pilih 1 jawaban yang\r\n paling mewakili untuk setiap pertanyaan. Cara perhitungan skor akan \r\ndibahas setelah pertanyaan terakhir.</p>\r\n<p style="color: #555555;"><strong>1) Seberapa sering Anda menggunakan \r\ninternet dengan lama yang melebihi waktu yang Anda inginkan? (Misalnya \r\nAnda hanya ingin online 1 jam, ternyata setelah berinternet jadinya \r\nonline 3 jam. Kondisi seperti ini seberapa sering Anda alami?)</strong></p>\r\n<form style="color: #555555;" action="http://www.mydomain.com/myformhandler.cgi" method="POST" name="myform">\r\n<div><input name="group1" value="Jarang" type="radio">&nbsp;1=Jarang</div>\r\n<div><input name="group1" value="Kadang-kadang" type="radio">&nbsp;2=Kadang-kadang</div>\r\n<div><input name="group1" value="Sering" type="radio">&nbsp;3=Sering</div>\r\n<div><input name="group1" value="Sering sekali" type="radio">&nbsp;4=Sering sekali</div>\r\n<div><input name="group1" value="Selalu" type="radio">&nbsp;5=Selalu</div>\r\n\r\n</form>\r\n<p style="color: #555555;"><strong>2) Seberapa sering Anda mengabaikan pekerjaan di rumah karena ingin online lebih lama?</strong></p>\r\n<form style="color: #555555;" action="http://www.mydomain.com/myformhandler.cgi" method="POST" name="myform">\r\n<div><input name="group1" value="Jarang" type="radio">&nbsp;1=Jarang</div>\r\n<div><input name="group1" value="Kadang-kadang" type="radio">&nbsp;2=Kadang-kadang</div>\r\n<div><input name="group1" value="Sering" type="radio">&nbsp;3=Sering</div>\r\n<div><input name="group1" value="Sering sekali" type="radio">&nbsp;4=Sering sekali</div>\r\n<div><input name="group1" value="Selalu" type="radio">&nbsp;5=Selalu</div>\r\n\r\n</form>\r\n<p style="color: #555555;"><strong>3) Seberapa sering Anda lebih memilih kesenangan berinternet dibanding bercengkerama dengan keluarga atau pasangan?</strong></p>\r\n<form style="color: #555555;" action="http://www.mydomain.com/myformhandler.cgi" method="POST" name="myform">\r\n<div><input name="group1" value="Jarang" type="radio">&nbsp;1=Jarang</div>\r\n<div><input name="group1" value="Kadang-kadang" type="radio">&nbsp;2=Kadang-kadang</div>\r\n<div><input name="group1" value="Sering" type="radio">&nbsp;3=Sering</div>\r\n<div><input name="group1" value="Sering sekali" type="radio">&nbsp;4=Sering sekali</div>\r\n<div><input name="group1" value="Selalu" type="radio">&nbsp;5=Selalu</div>\r\n</form>\r\n<p style="color: #555555;"><strong>4) Seberapa sering Anda menjalin hubungan baru dengan netter online yang bersahabat?</strong></p>\r\n<form style="color: #555555;" action="http://www.mydomain.com/myformhandler.cgi" method="POST" name="myform">\r\n<div><input name="group1" value="Jarang" type="radio">&nbsp;1=Jarang</div>\r\n<div><input name="group1" value="Kadang-kadang" type="radio">&nbsp;2=Kadang-kadang</div>\r\n<div><input name="group1" value="Sering" type="radio">&nbsp;3=Sering</div>\r\n<div><input name="group1" value="Sering sekali" type="radio">&nbsp;4=Sering sekali</div>\r\n<div><input name="group1" value="Selalu" type="radio">&nbsp;5=Selalu</div>\r\n\r\n</form>\r\n<p style="color: #555555;"><strong>5) Seberapa sering orang-orang \r\nterdekat Anda (orang tua, suami/istri, saudara, teman akrab) \r\nmenegur/mengeluh tentang waktu yang Anda habiskan di dunia online?</strong></p>\r\n<form style="color: #555555;" action="http://www.mydomain.com/myformhandler.cgi" method="POST" name="myform">\r\n<div><input name="group1" value="Jarang" type="radio">&nbsp;1=Jarang</div>\r\n<div><input name="group1" value="Kadang-kadang" type="radio">&nbsp;2=Kadang-kadang</div>\r\n<div><input name="group1" value="Sering" type="radio">&nbsp;3=Sering</div>\r\n<div><input name="group1" value="Sering sekali" type="radio">&nbsp;4=Sering sekali</div>\r\n<div><input name="group1" value="Selalu" type="radio">&nbsp;5=Selalu</div>\r\n</form>\r\n<p style="color: #555555;"><strong>6) Seberapa sering tugas kantor atau tugas sekolah/kuliah Anda terbengkalai karena waktu yang Anda habiskan dengan berinternet?</strong></p>\r\n<form style="color: #555555;" action="http://www.mydomain.com/myformhandler.cgi" method="POST" name="myform">\r\n<div><input name="group1" value="Jarang" type="radio">&nbsp;1=Jarang</div>\r\n<div><input name="group1" value="Kadang-kadang" type="radio">&nbsp;2=Kadang-kadang</div>\r\n<div><input name="group1" value="Sering" type="radio">&nbsp;3=Sering</div>\r\n<div><input name="group1" value="Sering sekali" type="radio">&nbsp;4=Sering sekali</div>\r\n<div><input name="group1" value="Selalu" type="radio">&nbsp;5=Selalu</div>\r\n\r\n</form>\r\n<p style="color: #555555;"><strong>7) Seberapa sering Anda mengecek \r\nemail sebelum melakukan pekerjaan lain yang perlu? (Misalnya, sebelum \r\nmemulai bekerja di kantor apakah Anda mengecek email? Setelah istirahat \r\nkerja apakah Anda mengecek email sebelum waktu kerja tiba kembali? \r\nSebelum berangkat ke kampus/sekolah apakah Anda mengecek email? Seberapa\r\n sering?)</strong></p>\r\n<form style="color: #555555;" action="http://www.mydomain.com/myformhandler.cgi" method="POST" name="myform">\r\n<div><input name="group1" value="Jarang" type="radio">&nbsp;1=Jarang</div>\r\n<div><input name="group1" value="Kadang-kadang" type="radio">&nbsp;2=Kadang-kadang</div>\r\n<div><input name="group1" value="Sering" type="radio">&nbsp;3=Sering</div>\r\n<div><input name="group1" value="Sering sekali" type="radio">&nbsp;4=Sering sekali</div>\r\n<div><input name="group1" value="Selalu" type="radio">&nbsp;5=Selalu</div>\r\n</form>\r\n<p style="color: #555555;"><strong>8) Seberapa sering kinerja atau produktivitas Anda berkurang karena Internet?</strong></p>\r\n<form style="color: #555555;" action="http://www.mydomain.com/myformhandler.cgi" method="POST" name="myform">\r\n<div><input name="group1" value="Jarang" type="radio">&nbsp;1=Jarang</div>\r\n<div><input name="group1" value="Kadang-kadang" type="radio">&nbsp;2=Kadang-kadang</div>\r\n<div><input name="group1" value="Sering" type="radio">&nbsp;3=Sering</div>\r\n<div><input name="group1" value="Sering sekali" type="radio">&nbsp;4=Sering sekali</div>\r\n<div><input name="group1" value="Selalu" type="radio">&nbsp;5=Selalu</div>\r\n\r\n</form>\r\n<p style="color: #555555;"><strong>9) Seberapa sering Anda memberikan \r\nargumen “pembenaran” atau tidak berterus terung ketika seseorang \r\nmenanyakan tentang apa yang Anda lakukan selama online?</strong></p>\r\n<form style="color: #555555;" action="http://www.mydomain.com/myformhandler.cgi" method="POST" name="myform">\r\n<div><input name="group1" value="Jarang" type="radio">&nbsp;1=Jarang</div>\r\n<div><input name="group1" value="Kadang-kadang" type="radio">&nbsp;2=Kadang-kadang</div>\r\n<div><input name="group1" value="Sering" type="radio">&nbsp;3=Sering</div>\r\n<div><input name="group1" value="Sering sekali" type="radio">&nbsp;4=Sering sekali</div>\r\n<div><input name="group1" value="Selalu" type="radio">&nbsp;5=Selalu</div>\r\n\r\n</form>\r\n<p style="color: #555555;"><strong>10) Seberapa sering Anda menghalau \r\npikiran-pikiran yang mengganggu tentang kehidupan Anda dengan \r\npikiran-pikiran yang menyenangkan tentang internet?</strong></p>\r\n<form style="color: #555555;" action="http://www.mydomain.com/myformhandler.cgi" method="POST" name="myform">\r\n<div><input name="group1" value="Jarang" type="radio">&nbsp;1=Jarang</div>\r\n<div><input name="group1" value="Kadang-kadang" type="radio">&nbsp;2=Kadang-kadang</div>\r\n<div><input name="group1" value="Sering" type="radio">&nbsp;3=Sering</div>\r\n<div><input name="group1" value="Sering sekali" type="radio">&nbsp;4=Sering sekali</div>\r\n<div><input name="group1" value="Selalu" type="radio">&nbsp;5=Selalu</div>\r\n\r\n</form>\r\n<p style="color: #555555;"><strong>11) Seberapa sering Anda memikirkan \r\nbahwa Anda akan online lagi? (Misalnya dalam perjalanan pulang ke rumah,\r\n Anda sudah mewanti-wanti akan online saat tiba di rumah). Seberapa \r\nsering ada pikiran seperti ini?</strong></p>\r\n<form style="color: #555555;" action="http://www.mydomain.com/myformhandler.cgi" method="POST" name="myform">\r\n<div><input name="group1" value="Jarang" type="radio">&nbsp;1=Jarang</div>\r\n<div><input name="group1" value="Kadang-kadang" type="radio">&nbsp;2=Kadang-kadang</div>\r\n<div><input name="group1" value="Sering" type="radio">&nbsp;3=Sering</div>\r\n<div><input name="group1" value="Sering sekali" type="radio">&nbsp;4=Sering sekali</div>\r\n<div><input name="group1" value="Selalu" type="radio">&nbsp;5=Selalu</div>\r\n\r\n</form>\r\n<p style="color: #555555;"><strong>12) Seberapa sering Anda merasa khawatir bahwa hidup tanpa Internet akan membosankan, hampa, dan tanpa kegembiraan?</strong></p>\r\n<form style="color: #555555;" action="http://www.mydomain.com/myformhandler.cgi" method="POST" name="myform">\r\n<div><input name="group1" value="Jarang" type="radio">&nbsp;1=Jarang</div>\r\n<div><input name="group1" value="Kadang-kadang" type="radio">&nbsp;2=Kadang-kadang</div>\r\n<div><input name="group1" value="Sering" type="radio">&nbsp;3=Sering</div>\r\n<div><input name="group1" value="Sering sekali" type="radio">&nbsp;4=Sering sekali</div>\r\n<div><input name="group1" value="Selalu" type="radio">&nbsp;5=Selalu</div>\r\n\r\n</form>\r\n<p style="color: #555555;"><strong>13) Seberapa sering Anda merasa \r\njengkel, menggerutu, atau merasa sangat terganggu jika seseorang \r\nmengganggu saat Anda sedang online?</strong></p>\r\n<form style="color: #555555;" action="http://www.mydomain.com/myformhandler.cgi" method="POST" name="myform">\r\n<div><input name="group1" value="Jarang" type="radio">&nbsp;1=Jarang</div>\r\n<div><input name="group1" value="Kadang-kadang" type="radio">&nbsp;2=Kadang-kadang</div>\r\n<div><input name="group1" value="Sering" type="radio">&nbsp;3=Sering</div>\r\n<div><input name="group1" value="Sering sekali" type="radio">&nbsp;4=Sering sekali</div>\r\n<div><input name="group1" value="Selalu" type="radio">&nbsp;5=Selalu</div>\r\n\r\n</form>\r\n<p style="color: #555555;"><strong>14) Seberapa sering Anda tidur terlambat di malam hari karena berinternet?</strong></p>\r\n<form style="color: #555555;" action="http://www.mydomain.com/myformhandler.cgi" method="POST" name="myform">\r\n<div><input name="group1" value="Jarang" type="radio">&nbsp;1=Jarang</div>\r\n<div><input name="group1" value="Kadang-kadang" type="radio">&nbsp;2=Kadang-kadang</div>\r\n<div><input name="group1" value="Sering" type="radio">&nbsp;3=Sering</div>\r\n<div><input name="group1" value="Sering sekali" type="radio">&nbsp;4=Sering sekali</div>\r\n<div><input name="group1" value="Selalu" type="radio">&nbsp;5=Selalu</div>\r\n\r\n</form>\r\n<p style="color: #555555;"><strong>15) Seberapa sering Anda merasa terikat dengan Internet saat off-line, atau membayangkan Anda sedang online?</strong></p>\r\n<form style="color: #555555;" action="http://www.mydomain.com/myformhandler.cgi" method="POST" name="myform">\r\n<div><input name="group1" value="Jarang" type="radio">&nbsp;1=Jarang</div>\r\n<div><input name="group1" value="Kadang-kadang" type="radio">&nbsp;2=Kadang-kadang</div>\r\n<div><input name="group1" value="Sering" type="radio">&nbsp;3=Sering</div>\r\n<div><input name="group1" value="Sering sekali" type="radio">&nbsp;4=Sering sekali</div>\r\n<div><input name="group1" value="Selalu" type="radio">&nbsp;5=Selalu</div>\r\n</form>\r\n<p style="color: #555555;">\r\n<strong>16) Seberapa sering Anda mengatakan atau bergumam dalam hati “sebentar lagi deh saya off” saat online?</strong></p>\r\n<form style="color: #555555;" action="http://www.mydomain.com/myformhandler.cgi" method="POST" name="myform">\r\n<div><input name="group1" value="Jarang" type="radio">&nbsp;1=Jarang</div>\r\n<div><input name="group1" value="Kadang-kadang" type="radio">&nbsp;2=Kadang-kadang</div>\r\n<div><input name="group1" value="Sering" type="radio">&nbsp;3=Sering</div>\r\n<div><input name="group1" value="Sering sekali" type="radio">&nbsp;4=Sering sekali</div>\r\n<div><input name="group1" value="Selalu" type="radio">&nbsp;5=Selalu</div>\r\n\r\n</form>\r\n<p style="color: #555555;"><strong>17) Seberapa sering Anda mencoba mengurangi porsi waktu yang Anda habiskan online namun gagal?</strong></p>\r\n<form style="color: #555555;" action="http://www.mydomain.com/myformhandler.cgi" method="POST" name="myform">\r\n<div><input name="group1" value="Jarang" type="radio">&nbsp;1=Jarang</div>\r\n<div><input name="group1" value="Kadang-kadang" type="radio">&nbsp;2=Kadang-kadang</div>\r\n<div><input name="group1" value="Sering" type="radio">&nbsp;3=Sering</div>\r\n<div><input name="group1" value="Sering sekali" type="radio">&nbsp;4=Sering sekali</div>\r\n<div><input name="group1" value="Selalu" type="radio">&nbsp;5=Selalu</div>\r\n\r\n</form>\r\n<p style="color: #555555;"><strong>18) Seberapa sering Anda mencoba menyembunyikan berapa lama Anda telah online?</strong></p>\r\n<form style="color: #555555;" action="http://www.mydomain.com/myformhandler.cgi" method="POST" name="myform">\r\n<div><input name="group1" value="Jarang" type="radio">&nbsp;1=Jarang</div>\r\n<div><input name="group1" value="Kadang-kadang" type="radio">&nbsp;2=Kadang-kadang</div>\r\n<div><input name="group1" value="Sering" type="radio">&nbsp;3=Sering</div>\r\n<div><input name="group1" value="Sering sekali" type="radio">&nbsp;4=Sering sekali</div>\r\n<div><input name="group1" value="Selalu" type="radio">&nbsp;5=Selalu</div>\r\n\r\n</form>\r\n<p style="color: #555555;"><strong>19) Seberapa sering Anda lebih memilih menghabiskan banyak waktu dengan online dibanding pergi bersama orang lain?</strong></p>\r\n<form style="color: #555555;" action="http://www.mydomain.com/myformhandler.cgi" method="POST" name="myform">\r\n<div><input name="group1" value="Jarang" type="radio">&nbsp;1=Jarang</div>\r\n<div><input name="group1" value="Kadang-kadang" type="radio">&nbsp;2=Kadang-kadang</div>\r\n<div><input name="group1" value="Sering" type="radio">&nbsp;3=Sering</div>\r\n<div><input name="group1" value="Sering sekali" type="radio">&nbsp;4=Sering sekali</div>\r\n<div><input name="group1" value="Selalu" type="radio">&nbsp;5=Selalu</div>\r\n\r\n</form>\r\n<p style="color: #555555;"><strong>20) Seberapa sering Anda merasa \r\ndepresi, tidak mood, atau grogi (nervous) saat Anda offline, yang mana \r\nakan hilang seketika ketika Anda kembali online?</strong></p>\r\n<form style="color: #555555;" action="http://www.mydomain.com/myformhandler.cgi" method="POST" name="myform">\r\n<div><input name="group1" value="Jarang" type="radio">&nbsp;1=Jarang</div>\r\n<div><input name="group1" value="Kadang-kadang" type="radio">&nbsp;2=Kadang-kadang</div>\r\n<div><input name="group1" value="Sering" type="radio">&nbsp;3=Sering</div>\r\n<div><input name="group1" value="Sering sekali" type="radio">&nbsp;4=Sering sekali</div>\r\n<div><input name="group1" value="Selalu" type="radio">&nbsp;5=Selalu</div>\r\n</form>\r\n<p style="color: #555555;">Setelah menjawab semua pertanyaan, jumlahkan \r\nsemua skor yang Anda pilih pada setiap pertanyaan untuk mendapatkan skor\r\n total. Semakin tinggi skor total semakin besar tingkat kecanduan dan \r\nmasalah yang ditimbulkan oleh pemakaian internet. Berikut skala umum \r\nuntuk menginterpretasi tingkat kecanduan Anda.</p>\r\n<p style="color: #555555;"><strong>20 – 49 poin</strong>: Anda adalah \r\npengguna internet rata-rata. Anda mungkin online cukup lama beberapa \r\nkali, tetapi Anda masih memiliki kontrol terhadap pemakaiannya.</p>\r\n<p style="color: #555555;"><strong>50 – 79 poin</strong>: Anda mengalami masalah sesekali atau sering karena internet. Anda harus mempertimbangkan imbasnya terhadap kehidupan Anda.</p>\r\n<p style="color: #555555;"><strong>80 – 100 poin</strong>: Pemakaian \r\ninternet Anda menyebabkan masalah serius dalam hidup Anda. Anda harus \r\nmengevaluasi dampak internet terhadap hidup Anda dan mengatasi \r\nmasalah-masalah yang secara langsung ditimbulkan oleh pemakaian \r\ninternet.</p>\r\n<p style="color: #555555;">Setelah tahu di kategori mana Anda terdapat, \r\ncobalah melihat kembali pertanyaan-pertanyaan di atas pada pertanyaan \r\nmana Anda mendapatkan skor 4 atau 5. Apakah Anda menyadari ini merupakan\r\n masalah serius bagi Anda?</p>\r\n<p style="color: #555555;">Anggap Anda menjawab 5 (selalu) untuk \r\nPertanyaan No.14 tentang kurang tidur karena semalaman online. Tentunya \r\nAnda akan merasa berat untuk bangun dari tempat tidur setiap pagi dan \r\nPekerjaan Anda akan terganggu karena mengantuk dan ini akan berdampak \r\nbagi kesehatan Anda.</p>\r\n<p style="color: #555555;">Nah, setelah melakukan tes di atas, Anda masuk kategori mana?</p><br>', '2014-08-14 14:09:23', 'published', 'tes-tingkat-kecanduan-internet-1'),
	(122, 1, 'Tips Untuk Menghilangkan Kecanduan Internet', '<p><a href="http://digidu.net/artikeldanberita/wp-content/uploads/2014/08/dampak-kecanduan-inet.jpg"><img class="wp-image-244 aligncenter" src="http://digidu.net/artikeldanberita/wp-content/uploads/2014/08/dampak-kecanduan-inet.jpg" alt="dampak-kecanduan-inet" data-wp-pid="244" height="330" width="550"></a></p>\r\n<p>sumber gambar : seputartekno.com</p>\r\n<p>Perkembangan teknologi saat ini menjadikan internet menjadi hal yang \r\npenting dalam kehidupan manusia. Bukan hal yang mustahil bila ada orang \r\nyang merasa kecanduan dan susah untuk meninggalkan kebiasaan menggunaan \r\ninternet.&nbsp;Salah satu gejala kecanduan internet adalah sering lupa waktu \r\nsaat mengakses internet. Bahkan beberapa orang meninggal usai bermain \r\nvideo game online selama beberapa hari tanpa berhenti, akibatnya terjadi\r\n penggumpalan darah yang akibat tidak berpindah-pindah.&nbsp;Jika anda sudah \r\nmulai merasakan bahwa diri anda kecanduan internet, berikut ini adalah 5\r\n Tips mengatasi kecanduan internet :</p>\r\n<p><strong>1. Cari tahu masalahnya</strong></p>\r\n<p>Jika Anda menggunakan internet sebagai pelarian dari masalah depresi,\r\n gelisah atau masalah hubungan, bukan internet tempat pelariannya. \r\nMemanfaatkan internet sebagai tempat pelarian hanya akan membuat Anda \r\nsemakin candu dengan internet. Psikoterapi bisa menjadi alternatif \r\nsolusinya. Disana Anda bisa belajar keahlian bagaimana memanajemen stres\r\n dengan baik.</p>\r\n<p><strong>2. Kenali pemicunya</strong></p>\r\n<p>Menjadi seorang pecandu internet tentu karena dipicu suatu hal. Cari \r\ntahu dan kenali pemicunya. Apakah Anda bosan, stres atau kesepian? Jika \r\nhal tadi yang menjadi penyebabnya, coba buat daftar cara alternatif \r\nuntuk mengatasi perasaan itu misalnya dengan jalan-jalan bersama teman.</p>\r\n<p><strong>3. Kurangi sedikit demi sedikit kebiasaan berlama-lama di internet</strong></p>\r\n<p>Bagi yang sudah keranjingan dengan internet, cobalah untuk mengurangi\r\n sedikit demi sedikit kebiasaan Anda ‘bergaul’ terlalu lama dengan \r\ninternet. Misalnya, jika Anda menghabiskan waktu 10 jam sehari di \r\ninternet, coba kurangi 2 jam saja untuk melakukan kegiatan yang lain \r\nseperti rekreasi, ngobrol dan berkumpul dengan keluarga, atau kegiatan \r\nsosial lainnya.</p>\r\n<p><strong>4. Ubah pola kebiasan online</strong></p>\r\n<p>Salah satu cara untuk mengurangi ketergantungan internet adalah \r\ndengan mengubah pola kebiasaan ber-internet. Terbiasa menonton film \r\nonline? Coba ubah kebiasaan itu dengan cara pergi ke bioskop. Menelepon \r\nlangsung orang yang kita cari lebih baik ketimbang mengirimkan e-mail. \r\nAtau, ubah kebiasaan Anda berbelanja secara ‘maya’ di internet dengan \r\ncara berbelanja langsung ke toko-toko nyata.</p>\r\n<p><strong>5. Atur ulang jadwal rutinitas</strong></p>\r\n<p>Jika Anda biasanya memeriksa e-mail pada pagi hari setelah bangun \r\ntidur, coba periksalah e-mail tersebut setelah sarapan. Tak adal \r\nsalahnya menikmati waktu sarapan bersama keluarga karena bisa mempererat\r\n keharmonisan hubungan. Jika sepulang dari kantor biasanya Anda langsung\r\n nongkrong di internet, tunggulah sampai setelah makan malam. Sambil \r\nmenunggu makan malam Anda bisa berleyeh-leyeh di sofa sambil \r\nmendengarkan musik mungkin?</p>', '2014-08-14 14:14:16', 'published', 'tips-untuk-menghilangkan-kecanduan-internet'),
	(123, 1, 'Teriakan Orang Tua Berpengaruh Buruk Pada Mental Anak', '<p><span style="color: #333333;">Sobat anak remaja yang sering mendengar\r\n teriakan atau ancaman dari orang tuanya mempunyai risiko yang besar \r\nuntuk mengalami depresi dan berperilaku menyimpang, salah satunya adalah\r\n melanggar peraturan.</span></p>\r\n<p style="text-align: center;"><a href="http://digidu.net/artikeldanberita/wp-content/uploads/2014/08/screaming-coach.png"><img class="alignnone size-full wp-image-251" src="http://digidu.net/artikeldanberita/wp-content/uploads/2014/08/screaming-coach.png" alt="screaming-coach" data-wp-pid="251" height="440" width="670"></a></p>\r\n<p>sumber gambar : www.apakabardunia.com</p>\r\n<p><span style="color: #333333;">Berdasarkan riset terbarunya, Annete \r\nMahoney, profesor psikologi di Ohio, mengatakan bahwa hal yang harus \r\ndiperhatikan orang tua adalah masalah perilaku verbal.</span><br style="color: #333333;"><br style="color: #333333;"><span style="color: #333333;">Menurutnya,\r\n hal tersebut memang mudah untuk diabaikan, akan tetapi penelitiannya \r\nmenunjukkan bahwa ketidakramahan verbal mempunyai dampak yang serius \r\npada anak. Ini menjadi sebuah peringatan terutama bagi para orang tua \r\nyang kerap berteriak atau memukul anaknya.</span><br style="color: #333333;"><br style="color: #333333;"><span style="color: #333333;">Para\r\n peneliti mengatakan bahwa orang tua dapat terperangkap ke dalam \r\nlingkaran kekerasan. Menurut Mahoney, kekerasan verbal memiliki sebuah \r\n“siklus alami”. Anak-anak yang mempunyai masalah perilaku maupun \r\npenyakit mental akan sulit ditangani.</span><br style="color: #333333;"><br style="color: #333333;"><span style="color: #333333;">Remaja\r\n yang mendapatkan kekerasan fisik dari orang tua seperti dipukul, \r\nmemiliki risiko yang lebih tinggi untuk mengalami masalah perilaku dan \r\npenyakit mental.</span></p>\r\n<p><a href="http://digidu.net/artikeldanberita/wp-content/uploads/2014/08/iStock_000005586427XSmall-Mom-Megaphone-Teen.jpg"><img class="wp-image-252 aligncenter" src="http://digidu.net/artikeldanberita/wp-content/uploads/2014/08/iStock_000005586427XSmall-Mom-Megaphone-Teen.jpg" alt="iStock_000005586427XSmall-Mom-Megaphone-Teen" data-wp-pid="252" height="391" width="589"></a></p>\r\n<p>sumber gambar : www.apakabardunia.com</p>\r\n<p><span style="color: #333333;">Pemimpin penelitian tersebut, Michelle \r\nLeroy, mengatakan bahwa “serangan” verbal orang tua terhadap anak \r\nremajanya sama merusaknya dengan perlakuan kekerasan fisik yang parah, \r\nterutama dalam keluarga yang memiliki masalah terkait dengan kesehatan \r\nmental.</span><br style="color: #333333;"><br style="color: #333333;"><span style="color: #333333;">Hasil penelitian yang dipublikasikan pada jurnal Child Abuse &amp; Neglect ini melibatkan remaja bermasalah berusia 11-18 tahun.</span><br style="color: #333333;"><br style="color: #333333;"><span style="color: #333333;">Mereka\r\n diminta untuk menjawab pertanyaan-pertanyaan seperti, apakah mereka \r\npernah dipukul atau mendapatkan kekerasan lainnya selama kurun waktu \r\nsetahun terakhir. Orang tua mereka juga ikut dilibatkan, dan diminta \r\nuntuk melaporkan perilaku mereka dalam frame yang sama.</span></p>', '2014-08-14 14:15:07', 'published', 'teriakan-orang-tua-berpengaruh-buruk-pada-mental-anak'),
	(124, 1, 'Inilah Yang Terjadi Pada Tubuh Saat Panik', '<p><a href="http://digidu.net/artikeldanberita/wp-content/uploads/2014/08/ini-yang-terjadi-pada-tubuh-saat-panik.jpg"><img class="size-full wp-image-258 aligncenter" src="http://digidu.net/artikeldanberita/wp-content/uploads/2014/08/ini-yang-terjadi-pada-tubuh-saat-panik.jpg" alt="ini-yang-terjadi-pada-tubuh-saat-panik" data-wp-pid="258" height="335" width="670"></a></p>\r\n<p>sumber gambar : www.merdeka.com</p>\r\n<p><span style="color: #000000;">Guys setiap orang tentu pernah \r\nmerasakan panik. Ketika sesuatu terjadi tak sesuai dengan keinginan \r\nmereka dan secara tiba-tiba, tak jarang orang mengalami serangan panik. \r\nKetika merasa panik, setiap orang bisa mengalami beberapa gejala yang \r\nberbeda. Serangan panik juga biasa dialami ketika seseorang mengalami \r\nfobia.</span><br style="color: #000000;"><br style="color: #000000;"><span style="color: #000000;">Ada\r\n orang yang akan gemetaran, jantung berdetak lebih cepat, atau \r\nberkeringat dingin ketika panik. Namun ada juga yang mengalami gejala \r\nlain. Lantas, sebenarnya apa yang terjadi pada tubuh kita saat sedang \r\npanik? Bagaimana tubuh bereaksi terhadap serangan panik? Ini dia \r\npenjelasannya, seperti dilansir oleh&nbsp;</span><em style="color: #000000;">Women’s Health Mag</em><span style="color: #000000;">(05/08).</span><br style="color: #000000;"><br style="color: #000000;"><strong style="color: #000000;">Detik 0 – 1</strong><br style="color: #000000;"><span style="color: #000000;">Mata\r\n dan telinga Anda akan mengidentifikasi penyebab panik, atau jika \r\nmengalami fobia, Anda akan mendeteksi hal yang membuat fobia (seperti \r\njarum, ular, dan lainnya). Selanjutnya, mata dan telinga akan \r\nmengirimkan sinyal ‘ancaman’ pada amygdala, yaitu bagian otak yang \r\nberkaitan dengan rasa takut.</span><br style="color: #000000;"><br style="color: #000000;"><strong style="color: #000000;">Detik 1 – 3</strong><br style="color: #000000;"><span style="color: #000000;">Selanjutnya,\r\n amygdala akan memicu prefrontal cortex (yaitu bagian pusat logika otak)\r\n dan memberikan sinyal pada kelenjar adrenal untuk memproduksi hormon \r\nstres, yaitu adrenaline dan cortisol. Tubuh akan mulai berkeringat, \r\nnamun ini dilakukan tubuh untuk tetap dingin. Napas akan menjadi semakin\r\n cepat, begitu juga dengan detak jantung. Ini dilakukan untuk membantu \r\nmemompa oksigen pada seluruh otot Anda. Selanjutnya, pupil akan melebar.\r\n Ini akan membantu Anda melihat ‘ancaman’ dengan lebih jelas.</span><br style="color: #000000;"><br style="color: #000000;"><strong style="color: #000000;">Dalam detik ke-5</strong><br style="color: #000000;"><span style="color: #000000;">Tubuh\r\n mulai mengeluarkan endorfin, yaitu pembunuh rasa nyeri yang bisa \r\nmelindungi Anda dari serangan fisik. Tubuh juga mengeluarkan sedikit \r\nhormon bahagia, dopamine, namun tak cukup banyak untuk bisa meredakan \r\nrasa panik. Beberapa orang mengalami kenaikan tekanan darah yang cepat \r\ndan tajam pada detik ini, sehingga mereka berkemungkinan pingsan.</span><br style="color: #000000;"><br style="color: #000000;"><strong style="color: #000000;">Setelah beberapa menit</strong><br style="color: #000000;"><span style="color: #000000;">Jika\r\n Anda tak bisa membuat tubuh kembali tenang, Anda harus meninggalkan \r\ntempat tersebut atau menjauhi hal yang membuat panik. Ini akan meredakan\r\n ketegangan pada prefrontal cortex. Setelah tak bisa lagi melihat hal \r\nyang membuat panik, amygdala akan berhenti mengirimkan sinyal bahaya dan\r\n menghentikan produksi hormon stres.</span><br style="color: #000000;"><br style="color: #000000;"><span style="color: #000000;">Jika\r\n serangan panik disebabkan oleh fobia parah, Anda mungkin akan masih \r\nsering kaget selama satu atau dua hari. Bisa jadi setiap tongkat akan \r\nAnda anggap ular, dan sebagainya. Namun hal ini akan segera mereda dan \r\nAnda akan baik-baik kembali.</span></p>', '2014-08-14 14:15:40', 'published', 'inilah-yang-terjadi-pada-tubuh-saat-panik'),
	(125, 1, 'Air Liur Bisa Digunakan Untuk Mendeteksi Tekanan Darah Hingga Kanker', '<p><a href="http://digidu.net/artikeldanberita/wp-content/uploads/2014/08/air-liur-bisa-dipakai-untuk-deteksi-tekanan-darah-hingga-kanker.jpg"><img class="size-full wp-image-261 aligncenter" src="http://digidu.net/artikeldanberita/wp-content/uploads/2014/08/air-liur-bisa-dipakai-untuk-deteksi-tekanan-darah-hingga-kanker.jpg" alt="air-liur-bisa-dipakai-untuk-deteksi-tekanan-darah-hingga-kanker" data-wp-pid="261" height="335" width="670"></a></p>\r\n<p>sumber gambar : www.merdeka.com</p>\r\n<p><span style="color: #000000;">Guys air liur, salah satu hal dalam \r\ntubuh kita yang seringkali diremehkan. Banyak yang tak mengetahui bahwa \r\nair liur memiliki banyak manfaat, salah satunya adalah sebagai alat \r\npendeteksi penyakit. Sebuah penelitian mengungkap bahwa tes air liur \r\nakan segera menjadi salah satu tes yang bisa digunakan untuk mendeteksi \r\nbanyak penyakit, mulai dari tekanan darah hingga kanker.</span><br style="color: #000000;"><br style="color: #000000;"><span style="color: #000000;">Hal\r\n ini tentunya sangat menguntungkan karena air liur lebih mudah \r\ndidapatkan dan mudah diperiksa. Selain itu, tes air liur juga jauh lebih\r\n murah dibandingkan dengan tes lain yang memakan banyak biaya, seperti \r\ndilansir dalam&nbsp;</span><em style="color: #000000;">Care2</em><span style="color: #000000;">&nbsp;(06/08).</span><br style="color: #000000;"><br style="color: #000000;"><span style="color: #000000;">Saat\r\n ini tes air liur sudah digunakan untuk mendiagnosis HIV, penyakit \r\nmulut, dan penyakit peradangan. Dalam waktu lima sampai 10 tahun lagi \r\npeneliti percaya bahwa tes air liur bisa digunakan untuk mendeteksi di \r\nmana peradangan terjadi dan apa penyebabnya. Hal ini disampaikan oleh \r\npeneliti Bjorn Klinge dari Department of Periontology di Karolinska \r\nInstitute, Stockholm.</span><br style="color: #000000;"><br style="color: #000000;"><span style="color: #000000;">Klinge\r\n dan rekannya mempelajari air liur dari 1.000 orang Swedia untuk mencari\r\n biomarker yang bisa digunakan untuk mendeteksi penyakit berbahaya. \r\nPenelitian ini menemukan bahwa air liur memiliki biomarker untuk bisa \r\nmengetahui risiko penyakit serius seperti diabetes, penyakit usus, \r\npenyakit otot dan sendi, tumor, serta berbagai macam peradangan yang \r\nberkaitan oleh penyakit jantung dan tekanan darah tinggi.</span><br style="color: #000000;"><br style="color: #000000;"><span style="color: #000000;">Penemuan\r\n ini tak hanya bisa menjadi metode revolusioner yang bisa mempermudah \r\nmanusia di masa depan untuk mendeteksi penyakit yang mematikan, namun \r\njuga menjadi metode yang bisa dijangkau oleh semua kalangan, baik orang \r\nyang berpunya maupun kalangan dengan ekonomi menengah ke bawah yang \r\nseringkali kesulitan mendapatkan akses untuk memeriksakan penyakit \r\nmereka.</span><br style="color: #000000;"><br style="color: #000000;"><span style="color: #000000;">Namun\r\n sayangnya hal ini masih membutuhkan lebih banyak penelitian dan \r\npengembangan sehingga kemungkinan tes air liur digunakan sebagai alat \r\ntes penyakit untuk masyarakat di dunia belum bisa terlaksana dalam waktu\r\n dekat.</span></p>', '2014-08-14 14:16:09', 'published', 'air-liur-bisa-digunakan-untuk-mendeteksi-tekanan-darah-hingga-kanker'),
	(126, 1, '5 Cara Cepat dan Ampuh Atasi Mata Lelah', '<p><a href="http://digidu.net/artikeldanberita/wp-content/uploads/2014/08/5-cara-cepat-ini-ampuh-atasi-mata-lelah.jpg"><img class="size-full wp-image-264 aligncenter" src="http://digidu.net/artikeldanberita/wp-content/uploads/2014/08/5-cara-cepat-ini-ampuh-atasi-mata-lelah.jpg" alt="5-cara-cepat-ini-ampuh-atasi-mata-lelah" data-wp-pid="264" height="335" width="670"></a></p>\r\n<p>sumber gambar : www.merdeka.com</p>\r\n<p><span style="color: #000000;">Mata adalah jendela jiwa dan kesehatan.\r\n Namun dengan lamanya jam kerja, kurang tidur, stres, dan penggunaan \r\nteknologi dalam jangka waktu yang panjang bisa membuat mata menjadi \r\nlelah dan tidak prima. Selain tak sehat, mata yang terlihat lelah juga \r\nmempengaruhi penampilan dan membuat Anda terlihat lebih tua.</span><br style="color: #000000;"><br style="color: #000000;"><span style="color: #000000;">Jangan\r\n sampai mata yang lelah mengganggu kinerja dan penampilan Anda. Ketika \r\nmata mulai lelah, terlihat berkantung atau ada lingkaran hitam di \r\nsekitarnya, sebaiknya segera atasi dengan beberapa cara cepat ini, \r\nseperti dilansir oleh&nbsp;</span><em style="color: #000000;">Health Me Up</em><span style="color: #000000;">&nbsp;(05/08).</span><br style="color: #000000;"><br style="color: #000000;"><strong style="color: #000000;">1. Kentang</strong><br style="color: #000000;"><span style="color: #000000;">Kentang\r\n mengandung catecholase, sebuah enzim yang berfungsi untuk membuat kulit\r\n lebih cerah. Kentang juga bisa digunakan untuk mengurangi bengkak atau \r\nkantung pada mata. Caranya adalah dengan memotong kentang, kemudian \r\nrendam dalam air dingin. Gunakan potongan tersebut pada mata selama lima\r\n menit atau lebih. Rasa dingin dan enzim yang ada di dalamnya akan \r\nmembantu Anda mengurangi bengkak dan kantung pada mata.</span></p>\r\n<p><br style="color: #000000;"><strong style="color: #000000;">2. Kantung teh</strong><br style="color: #000000;"><span style="color: #000000;">Kantung\r\n teh mengandung tannin yang sangat baik untuk mengatasi mata bengkak. \r\nCaranya, rendam dua kantung teh di air hangat, kemudian letakkan pada \r\nlemari es untuk mendinginkannya. Setelah cukup dingin, letakkan kantung \r\nteh pada mata selama lima menit. Ini akan mengurangi lelah dan bengkak \r\npada mata serta membantu mata terlihat lebih cerah.</span><br style="color: #000000;"><br style="color: #000000;"><strong style="color: #000000;">3. Alpukat</strong><br style="color: #000000;"><span style="color: #000000;">Rasa\r\n lelah juga bisa menyebabkan lingkaran hitam pada sekitar mata. Anda \r\nbisa mengatasi lingkaran hitam ini dengan meletakkan potongan alpukat \r\nyang sudah masak di bawah mata.</span><br style="color: #000000;"><br style="color: #000000;"><strong style="color: #000000;">4. Sendok dingin</strong><br style="color: #000000;"><span style="color: #000000;">Ambil\r\n dua sendok metal dan letakkan dalam air dingin selama beberapa menit. \r\nsetelah itu, gunakan dua sendok yang sudah dingin di kelopak mata selama\r\n satu menit. Sendok yang dingin akan meredakan rasa lelah pada mata.</span><br style="color: #000000;"><br style="color: #000000;"><strong style="color: #000000;">5. Mentimun</strong><br style="color: #000000;"><span style="color: #000000;">Mentimun\r\n adalah salah satu bahan alami yang populer untuk mengatasi mata bengkak\r\n dan lelah. Letakkan potongan mentimun dingin di mata. Mentimun tak \r\nhanya mengatasi mata lelah dan kembali menyegarkan mata, namun juga \r\nmembuat penglihatan menjadi lebih baik.</span><br style="color: #000000;"><br style="color: #000000;"><span style="color: #000000;">Itulah\r\n beberapa cara cepat yang ampuh untuk mengatasi mata lelah. Setelah \r\npulang beraktivitas, istirahatkan mata Anda sejenak dan lakukan cara di \r\natas untuk membuat mata tetap segar. Mata yang segar juga akan \r\nmemberikan penglihatan yang lebih prima untuk Anda.</span></p>', '2014-08-14 14:16:31', 'published', '5-cara-cepat-dan-ampuh-atasi-mata-lelah'),
	(127, 1, 'Inilah Penyebab Terjadinya Bengkak Pada Mata', '<p><a href="http://digidu.net/artikeldanberita/wp-content/uploads/2014/08/selain-menangis-ternyata-ini-5-penyebab-mata-bengkak.jpg"><img class="size-full wp-image-267 aligncenter" src="http://digidu.net/artikeldanberita/wp-content/uploads/2014/08/selain-menangis-ternyata-ini-5-penyebab-mata-bengkak.jpg" alt="selain-menangis-ternyata-ini-5-penyebab-mata-bengkak" data-wp-pid="267" height="335" width="670"></a></p>\r\n<p>sumber gambar : www.merdeka.com</p>\r\n<p><span style="color: #000000;">Guys kulit di sekitar area mata \r\nsangatlah tipis dan sensitif. Sehingga daerah ini mudah sekali bengkak \r\nbahkan tanpa Anda sadari. Walaupun mata bengkak bukanlah masalah yang \r\nserius, namun pemahaman akan penyebab mata bengkak mampu membantu Anda \r\nmenyingkirkan gangguan mata ini.</span><br style="color: #000000;"><br style="color: #000000;"><span style="color: #000000;">Inilah penyebab mata bengkak yang jarang Anda sadari seperti dilansir dari healthmeup.com :</span><br style="color: #000000;"><br style="color: #000000;"><strong style="color: #000000;">1. Flu atau infeksi sinus</strong><br style="color: #000000;"><span style="color: #000000;">Saat\r\n Anda sedang flu dan menggigil, kemungkinan mata Anda bisa menjadi \r\nbengkak. Sebab ketika Anda menggigil maka akan terjadi retensi cairan di\r\n sekitar mata yang membuat mata terlihat bengkak.</span><br style="color: #000000;"><br style="color: #000000;"><strong style="color: #000000;">2. Kurang tidur</strong><br style="color: #000000;"><span style="color: #000000;">Tidak cukup tidur yang disebabkan karena lembur bisa menyebabkan ketegangan mata. Dan pada akhirnya mata Anda akan bengkak.</span><br style="color: #000000;"><br style="color: #000000;"><strong style="color: #000000;">3. Gen</strong><br style="color: #000000;"><span style="color: #000000;">Pada\r\n sebagian orang, mata bengkak dan muncul lingkaran gelap di bawah mata \r\nbisa disebabkan oleh gen yang ada di dalam tubuh mereka.</span><br style="color: #000000;"><br style="color: #000000;"><strong style="color: #000000;">4. Makanan asin</strong><br style="color: #000000;"><span style="color: #000000;">Tingginya\r\n kandungan sodium yang ada di dalam makanan asin, mampu mengunci cairan \r\ndi dalam tubuh. Dengan demikian mampu berimbas pada mata dan menyebabkan\r\n mata bengkak.</span><br style="color: #000000;"><br style="color: #000000;"><strong style="color: #000000;">5. Usia</strong><br style="color: #000000;"><span style="color: #000000;">Saat\r\n usia Anda bertambah, maka otomatis kulit tipis yang ada di sekitar mata\r\n mulai kehilangan tingkat elastisitasnya. Akibatnya mata Anda pun mudah \r\nbengkak.</span><br style="color: #000000;"><br style="color: #000000;"><span style="color: #000000;">Mata\r\n yang bengkak memang sangat mengganggu penampilan. Namun ketika gangguan\r\n ini datang, Anda bisa meredakannya dengan cara alami. Salah satunya \r\nadalah dengan menggunakan teh celup sebagai kompres mata.</span></p>', '2014-08-14 14:16:55', 'published', 'inilah-penyebab-terjadinya-bengkak-pada-mata'),
	(128, 1, 'Kebiasaan Memakai Teknologi Yang Merusak Kesehatan', '<p>Hello guys <img src="http://digidu.net/artikeldanberita/wp-includes/images/smilies/icon_wink.gif" alt=";)" class="wp-smiley"> </p>\r\n<p>Di zaman era globalisasi ini tentunya teknologi pun sudah berkembang \r\ndengan sangat pesat. Sebagian besar kegiatan yang kita lakukan pun \r\nberhubungan dengan teknologi dan bahkan telah menjadi kebiasaan. Namun \r\ntanpa kita sadari hal tersebut merusak kesehatan kita lho.</p>\r\n<p>Dan ini dia kebiasaan memakai teknologi yang merusak kesehaan kita :</p>\r\n<div><strong>1.&nbsp;Menonton&nbsp;Televisi Sebelum Tidur</strong></div>\r\n\r\n\r\n<div><a href="http://digidu.net/artikeldanberita/wp-content/uploads/2014/08/menonton-televisi-sebelum-tidur-rev3.jpg"><img class="size-full wp-image-272 aligncenter" src="http://digidu.net/artikeldanberita/wp-content/uploads/2014/08/menonton-televisi-sebelum-tidur-rev3.jpg" alt="menonton-televisi-sebelum-tidur-rev3" data-wp-pid="272" height="335" width="670"></a></div>\r\n<div style="color: #000000;">\r\n<p>sumber gambar : www.merdeka.com</p>\r\n<p>Saat ini hampir setiap rumah memiliki minimal satu televisi. Televisi\r\n sudah menjadi bagian dari kehidupan sehari-hari, tak hanya sebagai \r\nbentuk hiburan tetapi juga media untuk mendapatkan informasi. Menonton \r\ntelevisi tampak sebagai hal yang lumrah dilakukan dan tidak berbahaya. \r\nNamun jangan yakin dulu, menonton televisi sebelum tidur ternyata justru\r\n bisa mengganggu kesehatan Anda.</p>\r\n<p>Sebuah survei yang dilakukan oleh SleepRate mengungkap bahwa orang \r\nyang terbiasa menonton televisi sebelum tidur memiliki kualitas tidur \r\nyang lebih buruk dan lebih berkemungkinan mengalami insomnia. Insomnia \r\ndan kualitas tidur buruk tentu bukan masalah enteng yang bisa diabaikan.\r\n Kualitas tidur bisa berpengaruh terhadap kebugaran Anda dalam berbagai \r\nsegi, misalkan mengganggu metabolisme, jam alami tubuh, dan lainnya.</p>\r\n<p>&nbsp;</p>\r\n<div><strong>2.&nbsp;Terlalu&nbsp;Bergantung Pada Teknologi Merusak Otak</strong></div>\r\n\r\n\r\n<div><a href="http://digidu.net/artikeldanberita/wp-content/uploads/2014/08/terlalu-bergantung-pada-teknologi-merusak-otak-rev3.jpg"><img class="size-full wp-image-273 aligncenter" src="http://digidu.net/artikeldanberita/wp-content/uploads/2014/08/terlalu-bergantung-pada-teknologi-merusak-otak-rev3.jpg" alt="terlalu-bergantung-pada-teknologi-merusak-otak-rev3" data-wp-pid="273" height="335" width="670"></a></div>\r\n<div>\r\n<p>sumber gambar : www.merdeka.com</p>\r\n<p>Konon orang terbiasa menghapal nomor telepon atau menyimpannya dalam \r\nsebuah buku saku. Kini tak perlu lagi. Teknologi membantu kita untuk \r\nmenghapal, mengingat, bahkan memikirkan hal-hal yang kita anggap remeh. \r\nDalam hal ini, teknologi sangat membantu kita mempermudah dan membuat \r\npekerjaan menjadi lebih cepat. Namun di sisi lain, terlalu bergantung \r\npada teknologi ternyata juga bisa berimbas buruk.</p>\r\n<p>Penelitian mengungkap bahwa terlalu banyak menggunakan teknologi dan \r\nbergantung pada teknologi untuk melakukan pekerjaan otak bisa membuat \r\notak semakin tumpul. Bergantung pada teknologi tak hanya membuat otak \r\nmalas bekerja, namun juga menurunkan kemampuan otak untuk mengingat. \r\nTerlalu sering menggunakan teknologi seperti mengakses mesin pencari \r\nseperti google atau jejaring sosial ketika bercakap-cakap dengan orang \r\nlain juga bisa menurunkan kemampuan otak untuk mengingat.</p>\r\n<p>&nbsp;</p>\r\n<p><strong>3. Jejaring Sosial Membuat Otak Tak Bahagia</strong></p>\r\n<p><a href="http://digidu.net/artikeldanberita/wp-content/uploads/2014/08/jejaring-sosial-membuat-orang-tak-bahagia-rev3.jpg"><img class="size-full wp-image-274 aligncenter" src="http://digidu.net/artikeldanberita/wp-content/uploads/2014/08/jejaring-sosial-membuat-orang-tak-bahagia-rev3.jpg" alt="jejaring-sosial-membuat-orang-tak-bahagia-rev3" data-wp-pid="274" height="335" width="670"></a></p>\r\n<p>sumber gambar : www.merdeka.com</p>\r\n<p>Saat ini siapa yang tak kenal dengan jejaring sosial? Hampir semua \r\norang pernah mengakses jejaring sosial dan bahkan menggunakannya untuk \r\nmenjalin komunikasi dengan orang lain. Mengakses jejaring sosial bagi \r\nbeberapa orang bahkan sudah hampir menjadi kebutuhan sehari-hari.<br>\r\nNamun tahukah Anda bahwa terlalu sering mengakses jejaring sosial \r\nternyata bisa? merusak mood. Penelitian di The Proceedings of the \r\nNational Academy of Science mengungkap bahwa status-status yang ada pada\r\n halaman depan jejaring sosial bisa mempengaruhi emosi seseorang. Emosi \r\nyang terkandung dalam status tersebut juga bisa menular, bahkan jika \r\nAnda hanya membacanya.</p>\r\n<p>&nbsp;</p>\r\n<p><strong>4. Terlalu Sering Menonton Televisi</strong></p>\r\n<p><a href="http://digidu.net/artikeldanberita/wp-content/uploads/2014/08/nonton-televisi-bikin-cepat-mati-rev3.jpg"><img class="size-full wp-image-275 aligncenter" src="http://digidu.net/artikeldanberita/wp-content/uploads/2014/08/nonton-televisi-bikin-cepat-mati-rev3.jpg" alt="nonton-televisi-bikin-cepat-mati-rev3" data-wp-pid="275" height="335" width="670"></a></p>\r\n<p>sumber gambar : www.merdeka.com</p>\r\n<p>Menonton televisi saat ini adalah salah satu hiburan yang mudah dan \r\nmurah. Hampir semua orang bisa langsung menyalakan televisi dan \r\nmenontonnya selama berjam-jam. Hal ini tampak sebagai kebiasaan yang \r\nwajar dan tidak berbahaya. Padahal faktanya, terlalu banyak nonton \r\ntelevisi bisa berakibat fatal untuk kesehatan.</p>\r\n<p>Sebuah penelitian mengungkap bahwa orang dewasa yang menghabiskan \r\nlebih dari tiga jam di depan televisi setiap hari memiliki risiko \r\nkematian dua kali lipat. Kematian bisa disebabkan oleh apapun. \r\nPenelitian ini membandingkan efek menonton televisi dengan menyetir \r\nmobil atau mendengarkan radio, dan hasilnya menunjukkan bahwa menonton \r\ntelevisi terlalu lama adalah yang paling mungkin membuat orang mati \r\nmuda.</p>\r\n<p>&nbsp;</p>\r\n<p><strong>5. &nbsp;Memotret Makanan Bisa Picu Obesitas</strong></p>\r\n<p><a href="http://digidu.net/artikeldanberita/wp-content/uploads/2014/08/memotret-makanan-bisa-picu-obesitas-rev3.jpg"><img class="size-full wp-image-276 aligncenter" src="http://digidu.net/artikeldanberita/wp-content/uploads/2014/08/memotret-makanan-bisa-picu-obesitas-rev3.jpg" alt="memotret-makanan-bisa-picu-obesitas-rev3" data-wp-pid="276" height="335" width="670"></a></p>\r\n<p>sumber gambar : www.merdeka.com</p>\r\n<p>Memotret makanan sebelum dimakan tampaknya adalah salah satu tren \r\nyang kini sedang marak bersamaan dengan populernya aplikasi berbagi \r\nfoto. Memotret makanan sebelum dikonsumsi terlihat sebagai hal sepele \r\nyang menyenangkan, tapi jangan salah karena kebiasaan ini bisa berimbas \r\nburuk untuk kesehatan.</p>\r\n<p>Memotret makanan dan melihat foto-foto makanan sebelum makan bisa \r\nmenurunkan tingkat kepuasan seseorang saat makan, berdasarkan penelitian\r\n di Journal of Consumer Psychology. Hal ini menyebabkan seseorang \r\ncenderung makan lebih banyak dan memicu obesitas. Jadi, sebaiknya \r\njauhkan diri Anda dari telepon genggam, apalagi saat akan makan.</p>\r\n<p>Itulah beberapa kebiasaan menggunakan teknologi yang bisa merusak \r\nkesehatan. Teknologi memang diciptakan untuk mempermudah manusia. Namun \r\nsebaiknya jangan gunakan teknologi dengan berlebihan, apalagi sampai \r\nterlalu bergantung pada teknologi, karena bisa berimbas buruk dan bahkan\r\n fatal untuk kesehatan.</p>\r\n</div>\r\n</div>', '2014-08-14 14:17:27', 'published', 'kebiasaan-memakai-teknologi-yang-merusak-kesehatan'),
	(129, 1, '5 Bahaya Terlalu Lama Duduk di Depan Komputer', '<p style="color: #000000;"><a href="http://digidu.net/artikeldanberita/wp-content/uploads/2014/08/Duduk-depan-komputer.jpg"><img class="size-full wp-image-295 aligncenter" src="http://digidu.net/artikeldanberita/wp-content/uploads/2014/08/Duduk-depan-komputer.jpg" alt="Duduk-depan-komputer" data-wp-pid="295" height="396" width="595"></a></p>\r\n<p style="color: #000000;">sumber gambar : www.merdeka.com</p>\r\n<p style="color: #000000;">Guys, kalian sering berhadapan dengan \r\nkomputer ?? Ya setiap orang memang sedang bergelut dengan kemajuan \r\nteknologi. Bahkan, kita duduk selama lebih dari delapan jam di depan \r\nkomputer setiap hari. Berikut adalah beberapa masalah kesehatan yang \r\ndisebabkan pemakaian komputer yang terlalu lama bahkan kalian &nbsp;mungkin \r\ntidak menyadari bahayanya, seperti yang dilansir&nbsp;<em>Boldsky :</em></p>\r\n<p>1. Apakah kalian&nbsp;pernah merasakan bahwa jari kalian&nbsp;sulit untuk \r\ndiluruskan? Hal ini terjadi karena terdapat benjolan di sendi jari . \r\nTendon jari kalian&nbsp;kehilangan fleksibilitas mereka akibatnya terjadi \r\nkecenderungan jari-jari &nbsp;kaku dan terbuka dengan suara<em>bergeletuk</em>. Ini merupakan gangguan kesehatan yang biasanya terjadi pada usia tua (pasca 50).</p>\r\n<p style="color: #000000;">2. Bahu merah, ya ini adalah gejala paling \r\numum dari penggunaan komputer terlalu lama. Keluhan kesehatan ini \r\nbiasanya membuat kalian&nbsp;merasakan rasa sakit yang parah di bahu yang \r\nmenjadi merah.</p>\r\n<p>3. Gangguan postur tubuh, bisakah kalian duduk tegak selama 8 jam \r\ndalam sehari? Kecenderungan tubuh untuk membungkuk atau menetap ke \r\nposisi yang lebih nyaman menyebabkan gangguan yang membuat postur tubuh \r\nmenjadi buruk.</p>\r\n<p>4. Gangguan penglihatan atau mata kering, kalian menatap layar yang \r\nmenyala terus-menerus. Alhasil, kita cenderung untuk berkedip lebih \r\nsedikit dari yang seharusnya kita lakukan. Ini mungkin terdengar seperti\r\n masalah kecil, tetapi dapat menimbulkan masalah yang sangat serius \r\nsetelah beberapa tahun.</p>\r\n<p>5. Impotensi, jangan terkejut Impotensi adalah risiko paling umum \r\ndari gaya hidup kalian&nbsp;hari ini. Jika kalian&nbsp;sering menaruh laptop &nbsp;pada\r\n pangkuan secara langsung, maka kalian&nbsp;telah membunuh cukup banyak \r\nsperma. Pastikan kalian&nbsp;menggunakan meja atau alas untuk melindungi \r\norgan reproduksi dari kerusakan atau ini bisa menjadi penyebab utama \r\nAnda terserang impotensi.</p>\r\n<p>Ikuti beberapa tips kesehatan yang baik di atas. Untuk menghindari \r\ngangguan ini akibat duduk terlalu lama di depan komputer, kalian harus \r\ntetap menerapkan gaya hidup sehat dan berolahraga secara teratur ok <img src="http://digidu.net/artikeldanberita/wp-includes/images/smilies/icon_wink.gif" alt=";)" class="wp-smiley"> </p>', '2014-08-14 14:17:56', 'published', '5-bahaya-terlalu-lama-duduk-di-depan-komputer'),
	(130, 1, '16 Rahasia Menjadi Orang SUKSES', '<p style="color: #333333;"><span style="font-family: \'Courier New\', Courier, monospace; font-size: xx-large;"><span style="color: #000000; font-family: \'Times New Roman\', Times, serif; font-size: x-large;">Hello sobat <img src="http://digidu.net/artikeldanberita/wp-includes/images/smilies/icon_wink.gif" alt=";)" class="wp-smiley">  kali ini kita akan membahas tentang 16 Rahasia Untuk Menjadi Orang SUKSES <img src="http://digidu.net/artikeldanberita/wp-includes/images/smilies/icon_wink.gif" alt=";)" class="wp-smiley"> </span></span></p>\r\n<p style="color: #333333;"><a href="http://digidu.net/artikeldanberita/wp-content/uploads/2014/08/tips-sukses-bisnis-richard-branson-1689.jpg"><img class="wp-image-301 aligncenter" src="http://digidu.net/artikeldanberita/wp-content/uploads/2014/08/tips-sukses-bisnis-richard-branson-1689.jpg" alt="tips-sukses-bisnis-richard-branson-1689" data-wp-pid="301" height="397" width="529"></a></p>\r\n<p style="color: #333333;">sumber gambar : pengusahamuslim.com</p>\r\n<p><strong>1.&nbsp;Berdo’a</strong></p>\r\n<p>Sobat, do’a adalah hal yang paling mujarab untuk mendapatkan sebuah \r\nkesuksesan. Sebesar apapun usaha dan perjuang yang anda lakukan namun \r\nkalau tanpa dibarengi dengan do’a maka hal itu tidak akan lengkap.</p>\r\n<p style="color: #333333;"><strong>2. Putuskan Untuk Menjadi Orang yang Berprestasi</strong></p>\r\n<p style="color: #333333;">Kejarlah impian anda. Jadikan kehidupan anda \r\nsebuah mahakarya dengan bersedia membayar harga kesuksesan. Orang \r\nberprestasi tahu ada harga yang harus dibayar. Dan mereka bersedia \r\nberkorban, berjuang, serta bekerja keras tanpa jaminan kesuksesan apa \r\npun demi mewujudkan semua impian mereka.</p>\r\n<p style="color: #333333;"><strong>3. Manfaatkan Semua yang Akan Membantu Anda Meraih Tujuan</strong></p>\r\n<p style="color: #333333;">Orang sukses terus-menerus mencari apa yang \r\nbisa digunakan untuk mendapatkan keuntungan. Mereka melihat ke depan \r\nagar dapat memosisikan diri di tempat terbaik ketika kesempatan muncul. \r\nMulailah berpikir ke depan. Dengan berpikir dan berencana ke depan, anda\r\n akan mendapakan keuntungan dalam persaingan.</p>\r\n<p style="color: #333333;"><strong>4. Sikap Anda Menentukan Posisi Anda</strong></p>\r\n<p style="color: #333333;">Sikap anda adalah pola pikir&nbsp;&nbsp;anda. Cara anda\r\n melihat segala sesuatu. Apakah anda lebih berfokus pada kemungkinan \r\nataukah tantangan. Pikiran positif tidak menjamin kesuksesan. Tetapi, \r\ndengan pikiran positif, peluang sukses anda jauh lebih besar.</p>\r\n<p style="color: #333333;"><strong>5. Efektifkan Hukum Rata-Rata Bagi Anda</strong></p>\r\n<p style="color: #333333;">Semakin sering anda gagal, semakin besar \r\nkesempatan anda untuk akhirnya sukses. Anda bahkan bisa menggagalkan \r\ndiri sendiri supaya anda sukses. Karena setiap kali gagal, anda \r\nmendapatkan pengalaman.</p>\r\n<p style="color: #333333;"><strong>6. Yakinlah Pada Diri Sendiri dan Yakinlah Anda Bisa Meraih Impian Anda</strong></p>\r\n<p style="color: #333333;">Jika anda yakin sesuatu itu mungkin dan \r\nbersedia melakukan apa pun, selama apa pun, yang diperlukan untuk \r\nmenyelesaikannya, kesuksesan hanyalah masalah waktu. Anda bisa \r\nmeningkatkan keyakinan diri melalui buku yang anda baca, CD yang anda \r\ndengarkan, dan orang-orang dengan siapa anda berhubungan. Jika menaruh \r\nhal-hal baik dalam pikiran, anda akan menjadi lebih kuat dan lebih yakin\r\n pada diri sendiri.</p>\r\n<p style="color: #333333;"><strong>7. Gunakan Kekuatan Memilih Anda</strong></p>\r\n<p style="color: #333333;">Apa pun keadaannya, anda memiliki kekuatan \r\nuntuk memilih bagaimana akan bereaksi. Anda memiliki kekuatan untuk \r\nmemilih dengan siapa anda akan berhubungan, apa yang akan anda lakukan \r\ndengan waktu luang anda, buku apa yang akan anda baca, tindakan apa yang\r\n akan anda ambil dalam lima menit ke depan untuk membawa anda lebih \r\ndekat ke tujuan. Impian anda ada di sana untuk diwujudkan. Apakah anda \r\nakan menciptakan kehidupan yang luar biasa? Hal itu adalah pilihan anda.</p>\r\n<p style="color: #333333;"><strong>8. Pikirkan Hal-Hal yang Memberdayakan</strong></p>\r\n<p style="color: #333333;">Apa yang anda pikirkan menentukan apa yang \r\nanda lakukan. Apa yang terus menerus anda pikirkan akan menentukan \r\nposisi akhir anda. Itulah sebabnya berhubungan dengan orang-orang \r\nberpikiran sama sangatlah penting. Dengan menciptakan sebuah tim impian \r\ndan secara reguler berhubungan dengan mereka, anda akan mempersiapkan \r\ndiri untuk sukses dengan bantuan peer-pressure (tekanan teman sebaya) \r\nyang positif.</p>\r\n<p style="color: #333333;"><strong>9. Yakinlah Bahwa Semua yang Anda Alami Ada Maksudnya</strong></p>\r\n<p style="color: #333333;">Belajarlah melihat sinar terang di balik \r\nsetiap awan mendung. Setiap tantangan mengandung pelajaran besar. \r\nTantangan ditujukan untuk memperlambat kita agar kita punya cukup waktu \r\nuntuk mempelajari berbagai hal yang perlu kita pelajari dalam perjalanan\r\n menuju impian kita.</p>\r\n<p style="color: #333333;"><strong>10. Fokuskan Semua Upaya Anda</strong></p>\r\n<p style="color: #333333;">Ketahui apa yang paling penting bagi anda dan\r\n fokuskan semua upaya anda untuk meraihnya. Jika anda memfokuskan semua \r\nupaya pada satu tujuan, kemungkinan sukses anda hampir pasti. Jika anda \r\nmembagi fokus pada dua tujuan, kemungkinan sukses anda turun menjadi \r\n66%. Jika anda memiliki tiga tujuan, kemungkinan sukses anda tinggal \r\n25%. Orang berprestasi tinggi berfokus pada satu tujuan. Setelah \r\nmeraihnya, mereka beralih ke tujuan selanjutnya.</p>\r\n<p style="color: #333333;"><strong>11. Cara Menjadi Percaya Diri</strong></p>\r\n<p style="color: #333333;">Kepercayaan diri muncul dari persiapan. \r\nKepercayaan diri tidak bisa dipalsukan. Kepercayaan diri muncul dari \r\nmelatih suatu keterampilan hingga menguasainya. Begitu menguasai suatu \r\nketerampilan, anda pun merasa percaya diri. Begitu menguasai bidang \r\nanda, anda akan merasa percaya diri. Dengan kepercayaan diri, anda bisa \r\nmulai meraih berbagai hal yang tak pernah anda bayangkan.</p>\r\n<p style="color: #333333;"><strong>12. Singkirkan Pikiran Negatif Sejak Awal</strong></p>\r\n<p style="color: #333333;">Tantangan terbesar dalam perjalanan menuju \r\nkesuksesan adalah menguasai diri sendiri. Apa pun yang sedang anda \r\nlakukan, akan selalu ada saat di mana anda meragukan diri sendiri, \r\nmengalami konflik batin, serta ingin melakukan berbagai hal yang akan \r\nmerintangi anda mencapai tujuan. Teruslah bertanya kepada diri sendiri, \r\n“Apa selanjutnya yang bisa aku lakukan sekarang agar lebih dekat dengan \r\ntujuanku?”</p>\r\n<p style="color: #333333;"><strong>13. Kendalikan Kehidupan Anda Sendiri</strong></p>\r\n<p style="color: #333333;">Anda mengendalikan semua keputusan anda. \r\nSetiap kali memberikan kendali kepada orang lain, anda berhenti menjadi \r\ntuan dari takdir anda sendiri. Setiap kali mengambil tanggung jawab \r\npribadi atas tindakan anda, anda mempertahankan kendali. Ambil tanggung \r\njawab dan anda pun akan memegang kemudi kapal kehidupan anda sendiri. \r\nAndalah yang memutuskan apa yang akan terjadi.</p>\r\n<p style="color: #333333;"><strong>14. Pelajari Orang Lain Untuk Menciptakan Situasi yang Sama-sama Menguntungkan</strong></p>\r\n<p style="color: #333333;">Membangun keterampilan berhubungan dengan \r\norang sangatlah penting, karena melalui orang lain anda bisa meraih jauh\r\n lebih banyak daripada dengan usaha sendiri. Pandailah menunjukkan \r\nkepada orang lain bagaimana mereka bisa benar-benar mendapatkan \r\nkeuntungan dengan bergabung bersama anda. Pelajari keterampilan \r\nkepemimpinan sehingga anda bisa mengajak orang untuk membantu anda \r\nmeraih misi dalam kehidupan.</p>\r\n<p style="color: #333333;"><strong>15. Kembangkan Keberanian Untuk Sukses</strong></p>\r\n<p style="color: #333333;">Keberanian berarti menjadi lebih besar \r\ndaripada keadaan kita. Keberanian bukan berarti tidak ada rasa takut. \r\nKeberanian berarti bertindak meskipun merasa takut. Agar sukses dalam \r\nkehidupan, anda memerlukan dua jenis keberanian: keberanian untuk \r\nbertindak dan keberanian untuk bertahan. Keberanian untuk bertindak \r\nmuncul dari keyakinan terhadap diri sendiri. Keberanian untuk bertahan \r\nmuncul dari keinginan untuk sukses.</p>\r\n<p style="color: #333333;"><strong>16. Senti demi Senti, Kesuksesan itu Mudah. Meter demi Meter, Kesuksesan itu Sulit</strong></p>\r\n<p style="color: #333333;">Tidak ada yang namanya kesuksesan kilat. Anda\r\n harus membangun landasan dari hari ke hari untuk waktu yang sangat, \r\nsangat lama. Anda harus memetik banyak kemenangan pribadi sebelum \r\nmengalami kemenangan publik. Rumah dibangun dengan satu batu bata setiap\r\n kali. Pertandingan sepak bola dimenangkan dengan satu permainan setiap \r\nkali. Bisnis dibangun dengan satu konsumen setiap kali. Setiap \r\npencapaian besar adalah hasil dari banyak pencapaian yang lebih kecil</p>', '2014-08-14 14:18:23', 'published', '16-rahasia-menjadi-orang-sukses'),
	(131, 1, '5 BAHAYA Tidur Terlalu Malam', '<p><a href="http://digidu.net/artikeldanberita/wp-content/uploads/2014/08/kurang-tidur.jpg"><img class="size-full wp-image-306 aligncenter" src="http://digidu.net/artikeldanberita/wp-content/uploads/2014/08/kurang-tidur.jpg" alt="kurang-tidur" data-wp-pid="306" height="270" width="540"></a></p>\r\n<p>&nbsp;</p>\r\n<p><span style="color: #333333;">sumber gambar : mediacenter.com</span></p>\r\n<p><span style="color: #333333;">Sobat, udah sepatutnya seseorang \r\nmenghabiskan waktu tujuh sampai delapan jam dalam sehari untuk \r\nberistirahat. Namun, karena kesibukan, tak jarang ada orang yang \r\nmemangkas waktu tidurnya menjadi kurang dari enam jam. Padahal, jika \r\ntelat tidur dan bangun dengan kondisi kepala agak pusing, bisa jadi Anda\r\n mengalami gegar otak kecil.</span><br style="color: #333333;"><br style="color: #333333;"><span style="color: #333333;">Selian\r\n itu, banyak efek negatif yang bisa dirasakan jika Anda kurang mendapat \r\nwaktu istirahat. Dikutip dari Boldksy, Jumat (28/2/2014), inilah dampak \r\nburuk bagi kesehatan jika Anda kerap tidur larut malam:</span><br style="color: #333333;"><br style="color: #333333;"><strong style="color: #333333;">1. Penambahan berat badan</strong><br style="color: #333333;"><span style="color: #333333;">Berat\r\n badan berbanding lurus dengan kurang tidur. Jika Anda tidak tidur \r\nminimal enam jam semalam, metabolisme lemak akan terganggu. Apalagi jika\r\n tidak kunjung terpejam di malam hari, Anda akan cenderung mengunyah \r\nmakanan tinggi lemak.</span><br style="color: #333333;"><br style="color: #333333;"><strong style="color: #333333;">2. Sistem imun melemah dan delayed sleep syndrome</strong><br style="color: #333333;"><span style="color: #333333;">Terjaga\r\n sampai larut malam bisa mengahancurkan sel-sel darah putih yang berguna\r\n untuk kekebalan tubuh. Itu sebabnya tidur larut malam bisa memperlemah \r\nimunitas Anda. Jika terlalu sering tidur larut, ada satu waktu di mana \r\nAnda akan tidur dengan waktu sangat awal. Hal ini disebut delayed sleep \r\nsyndrome di mana siklus tidur Anda mulai terlambat.</span><br style="color: #333333;"><br style="color: #333333;"><strong style="color: #333333;">3.Penyakit jantung dan tekanan darah tinggi</strong><br style="color: #333333;"><span style="color: #333333;">Tidur\r\n larut malam yang konsisten membuat Anda rentan terhadap penyakit \r\njantung dan bisa berujung pada stroke. Ditambah lagi dengan tidak \r\nmendapat jumlah waktu istirahat yang optimal, tekanan darah akan \r\nmeningkat karena tidak mendapat istirahat yang cukup.</span><br style="color: #333333;"><br style="color: #333333;"><strong style="color: #333333;">4. Diabetes</strong><br style="color: #333333;"><span style="color: #333333;">Tidur\r\n terlambat bisa merusak hormon di tubuh. Hal ini bisa membuat Anda tidak\r\n toleran terhadap glukosa karena jumlah insulin yang dihasilkan tubuh \r\nmenurun. Akibatnya, diabetes pun berisiko Anda alami.</span><br style="color: #333333;"><br style="color: #333333;"><strong style="color: #333333;">5. Sakit kepala</strong><br style="color: #333333;"><span style="color: #333333;">Setiap\r\n kali Anda tidur larut malam dan bangun dengan perasaan tidak nyaman, \r\nitu adalah tanda Anda mengalami gegar otak kecil. Sebab, otak manusia \r\nyang sering mengalami guncangan melalui waktu istirahat yang kurang \r\ndalam periode waktu tertentu bisa, mengakibatkan kerusakan otak.</span></p>', '2014-08-14 14:18:50', 'published', '5-bahaya-tidur-terlalu-malam');
/*!40000 ALTER TABLE `tbl_blog` ENABLE KEYS */;


-- Dumping structure for table digidu.tbl_kategori
CREATE TABLE IF NOT EXISTS `tbl_kategori` (
  `id_kategori` int(3) NOT NULL AUTO_INCREMENT,
  `nama_kategori` varchar(100) NOT NULL,
  `slug` varchar(30) NOT NULL,
  PRIMARY KEY (`id_kategori`)
) ENGINE=MyISAM AUTO_INCREMENT=9 DEFAULT CHARSET=latin1;

-- Dumping data for table digidu.tbl_kategori: 6 rows
/*!40000 ALTER TABLE `tbl_kategori` DISABLE KEYS */;
INSERT INTO `tbl_kategori` (`id_kategori`, `nama_kategori`, `slug`) VALUES
	(1, 'Artikel', 'artikel'),
	(2, 'Teknologi', 'teknologi'),
	(3, 'Sejarah', 'sejarah'),
	(4, 'Sosial', 'sosial'),
	(7, 'Pengetahuan Alam', 'pengetahuan-alam'),
	(8, 'Berita', 'berita');
/*!40000 ALTER TABLE `tbl_kategori` ENABLE KEYS */;


-- Dumping structure for table digidu.transaksi
CREATE TABLE IF NOT EXISTS `transaksi` (
  `tanggal` datetime DEFAULT NULL,
  `dpp` decimal(10,0) DEFAULT NULL,
  `pajak` decimal(10,0) DEFAULT NULL,
  `npwp` varchar(25) DEFAULT NULL
) ENGINE=InnoDB DEFAULT CHARSET=latin1;

-- Dumping data for table digidu.transaksi: ~4 rows (approximately)
/*!40000 ALTER TABLE `transaksi` DISABLE KEYS */;
INSERT INTO `transaksi` (`tanggal`, `dpp`, `pajak`, `npwp`) VALUES
	('2014-04-30 00:00:00', 409000, 40900, '02.500.748.5-124.000'),
	('2014-04-30 10:04:31', 409000, 40900, '02.500.748.5-124.000'),
	('2014-05-02 08:05:03', 409000, 40900, '02.500.748.5-124.000'),
	('2014-06-13 13:06:34', 409000, 40900, '02.500.748.5-124.000');
/*!40000 ALTER TABLE `transaksi` ENABLE KEYS */;


-- Dumping structure for table digidu.user
CREATE TABLE IF NOT EXISTS `user` (
  `id_user` int(4) NOT NULL AUTO_INCREMENT,
  `nama` varchar(50) NOT NULL,
  `username` varchar(20) NOT NULL,
  `password` varchar(50) NOT NULL,
  `hp` varchar(50) NOT NULL,
  `level` int(11) NOT NULL,
  `email` varchar(100) DEFAULT NULL,
  `blokir` varchar(1) NOT NULL DEFAULT 'N',
  `status` varchar(1) NOT NULL DEFAULT 'N',
  `aswo` varchar(50) NOT NULL,
  `tgl_lahir` date NOT NULL,
  `jenis_kelamin` varchar(50) NOT NULL,
  `profesi` varchar(50) NOT NULL,
  `alamat` text NOT NULL,
  `kabupaten` varchar(50) NOT NULL,
  `provinsi` varchar(50) NOT NULL,
  `foto` text NOT NULL,
  `tgl_registrasi` datetime NOT NULL,
  `role_id` tinyint(4) NOT NULL,
  PRIMARY KEY (`id_user`)
) ENGINE=InnoDB AUTO_INCREMENT=6 DEFAULT CHARSET=latin1;

-- Dumping data for table digidu.user: ~3 rows (approximately)
/*!40000 ALTER TABLE `user` DISABLE KEYS */;
INSERT INTO `user` (`id_user`, `nama`, `username`, `password`, `hp`, `level`, `email`, `blokir`, `status`, `aswo`, `tgl_lahir`, `jenis_kelamin`, `profesi`, `alamat`, `kabupaten`, `provinsi`, `foto`, `tgl_registrasi`, `role_id`) VALUES
	(1, 'Administrator', 'admin', 'ee11cbb19052e40b07aac0ca060c23ee', '', 1, 'admin@prajasa.com', 'N', 'N', 'dXNlcg~~', '0000-00-00', '', '', '', '', '', '', '0000-00-00 00:00:00', 1),
	(2, 'Alif Akbar Fitrawan', 'alifable', 'ee11cbb19052e40b07aac0ca060c23ee', '085646421106', 2, 'alif@alif.com', 'N', 'N', '', '0000-00-00', '', '', '', '', '', '', '0000-00-00 00:00:00', 2),
	(5, 'Alif Akbar Fitrawan 2', 'user', 'ee11cbb19052e40b07aac0ca060c23ee', 'nohp', 2, 'alifable@gmail.com', 'N', 'N', '', '2014-08-01', '', 'profesi', 'alamat rumah', 'kota', 'provinsi', '201408121136565Penguins.jpg', '0000-00-00 00:00:00', 2);
/*!40000 ALTER TABLE `user` ENABLE KEYS */;
/*!40101 SET SQL_MODE=IFNULL(@OLD_SQL_MODE, '') */;
/*!40014 SET FOREIGN_KEY_CHECKS=IF(@OLD_FOREIGN_KEY_CHECKS IS NULL, 1, @OLD_FOREIGN_KEY_CHECKS) */;
/*!40101 SET CHARACTER_SET_CLIENT=@OLD_CHARACTER_SET_CLIENT */;
